LogQ(1),age(2),Tot[O]+12(3),gas[O]+12(4),Tot[Fe](5),gas[Fe](6),LogP/k(7),[NII]/Ha(8),[NII]+/Ha(9),[SII]+/Ha(10),[NII]/[OII]+(11),[NII]+/[OII]+(12),[NII]/[SII]+(13),[NII]+/[SII]+(14),[OII]+/Hb(15),[OIII]/Hb(16),[OIII]+/Hb(17),[OIII]/[OII]+(18),[OIII]+/[OII]+(19),[OIII]/[SII]+(20),[OIII]+/[SII]+(21),4363/[OIII](22),4363/[OIII]+(23),[OI]/[OII]+(24),[OII]+/[SII]+(25),R23(26),S23(27),6716/6731(28),3729/3726(29),Hbeta_abs(30),HBeta(31),Rout(32),Rmax(33),Remp(34),[NII]+/Hb(35),Ha/Hb(36)
 6.5000,  1.0000,  7.5700,  7.4600,  6.2100,  4.7100,  6.0000, -1.0109, -0.8839, -0.9900, -0.6375, -0.5104, -0.0209,  0.1062,  0.0966, -1.5169, -1.3879, -1.6135, -1.4845, -0.9970, -0.8679,    -inf,    -inf, -1.2584,  0.6166,  0.1106, -0.3613,  0.1451,  0.1446, 863491843803943599573110358016.0000, 62148200000000004329836391195515813888.0000, 666666666666666.6250, 259300000000000000000.0000, 259100000000000000000.0000, -0.4138,  0.4701
 6.5000,  1.0000,  8.1700,  8.0600,  6.8100,  5.3100,  6.0000, -0.4567, -0.3297, -0.4440, -0.6024, -0.4754, -0.0128,  0.1143,  0.6089, -1.1120, -0.9830, -1.7209, -1.5919, -1.1312, -1.0022,    -inf,    -inf, -1.2851,  0.5897,  0.6199,  0.1805,  0.1439,  0.1429, 837860313913587646012936159232.0000, 60302099999999999437410443344694214656.0000, 666666666666666.6250, 257500000000000000000.0000, 257300000000000000000.0000,  0.1335,  0.4632
 6.5000,  1.0000,  8.4700,  8.3600,  7.1100,  5.6100,  6.0000, -0.2509, -0.1239, -0.2344, -0.5385, -0.4114, -0.0166,  0.1105,  0.7479, -1.0945, -0.9654, -1.8423, -1.7133, -1.3204, -1.1914,    -inf,    -inf, -1.2864,  0.5219,  0.7562,  0.3865,  0.1421,  0.1402, 805564234515714069771575099392.0000, 57974700000000002517748253397732032512.0000, 666666666666666.6250, 253400000000000000000.0000, 253200000000000000000.0000,  0.3365,  0.4603
 6.5000,  1.0000,  8.8700,  8.7600,  7.5100,  6.0100,  6.0000, -0.1966, -0.0695, -0.1544, -0.3214, -0.1943, -0.0422,  0.0849,  0.5917, -1.6142, -1.4851, -2.2059, -2.0768, -1.9267, -1.7976,    -inf,    -inf, -1.2432,  0.2792,  0.5953,  0.4738,  0.1346,  0.1299, 718844418911442988116670939136.0000, 51723499999999995764272935906521907200.0000, 1000000000000000.0000, 238700000000000000000.0000, 238400000000000000000.0000,  0.3974,  0.4669
 6.5000,  1.0000,  9.1700,  9.0600,  7.8100,  6.3100,  6.0000, -0.3710, -0.2439, -0.2582, -0.0143,  0.1128, -0.1128,  0.0143,  0.1219, -2.7022, -2.7022, -2.8240, -2.8240, -2.9225, -2.9225,    -inf,    -inf, -1.1116, -0.0985,  0.1225,  0.3614,  0.1217,  0.1136, 612728622917026672339715096576.0000, 44074700000000000998385492583920959488.0000, 1000000000000000.0000, 218900000000000000000.0000, 218600000000000000000.0000,  0.2346,  0.4785
 6.5000,  3.2000,  7.5700,  7.4600,  6.2100,  4.7100,  6.0000, -1.0161, -0.8890, -0.9904, -0.6387, -0.5116, -0.0257,  0.1013,  0.0899, -1.6115, -1.4824, -1.7014, -1.5724, -1.0885, -0.9594,    -inf,    -inf, -1.3070,  0.6129,  0.1014, -0.3721,  0.1446,  0.1443, 739955545891618963680504315904.0000, 53243899999999997847403855653644533760.0000, 1000000000000000.0000, 240400000000000000000.0000, 240100000000000000000.0000, -0.4216,  0.4674
 6.5000,  3.2000,  8.1700,  8.0600,  6.8100,  5.3100,  6.0000, -0.4726, -0.3455, -0.4473, -0.5969, -0.4698, -0.0253,  0.1018,  0.5860, -1.2209, -1.0919, -1.8069, -1.6778, -1.2352, -1.1062,    -inf,    -inf, -1.3252,  0.5716,  0.5950,  0.1643,  0.1432,  0.1424, 601958378970427055675824668672.0000, 43299600000000001226017555061875408896.0000, 666666666666666.6250, 218300000000000000000.0000, 218100000000000000000.0000,  0.1162,  0.4617
 6.5000,  3.2000,  8.4700,  8.3600,  7.1100,  5.6100,  6.0000, -0.2804, -0.1534, -0.2383, -0.5247, -0.3976, -0.0421,  0.0849,  0.7045, -1.1903, -1.0612, -1.8948, -1.7658, -1.4123, -1.2833,    -inf,    -inf, -1.3085,  0.4825,  0.7119,  0.3652,  0.1412,  0.1393, 489334410185757052128144130048.0000, 35184399999999998996596898682682474496.0000, 1000000000000000.0000, 197300000000000000000.0000, 197000000000000000000.0000,  0.3069,  0.4603
 6.5000,  3.2000,  8.8700,  8.7600,  7.5100,  6.0100,  6.0000, -0.2501, -0.1231, -0.1509, -0.2923, -0.1652, -0.0992,  0.0279,  0.5103, -1.6275, -1.4985, -2.1378, -2.0088, -1.9447, -1.8157,    -inf,    -inf, -1.2439,  0.1931,  0.5145,  0.4413,  0.1332,  0.1283, 355913556860167726965125545984.0000, 25572700000000002029563920458398564352.0000, 666666666666666.6250, 167500000000000000000.0000, 167300000000000000000.0000,  0.3451,  0.4681
 6.5000,  3.2000,  9.1700,  9.0600,  7.8100,  6.3100,  6.0000, -0.4305, -0.3035, -0.2727,  0.0205,  0.1476, -0.1578, -0.0307,  0.0285, -2.2427, -2.1136, -2.2712, -2.1422, -2.4495, -2.3205,    -inf,    -inf, -1.0837, -0.1783,  0.0316,  0.3191,  0.1197,  0.1112, 256242149747245068024096489472.0000, 18394999999999999129712964779529732096.0000, 1000000000000000.0000, 141700000000000000000.0000, 141400000000000000000.0000,  0.1761,  0.4796
 6.5000, 10.0000,  7.5700,  7.4600,  6.2100,  4.7100,  6.0000, -1.0157, -0.8886, -0.9809, -0.6374, -0.5103, -0.0348,  0.0923,  0.0901, -1.5215, -1.3925, -1.6117, -1.4826, -1.0091, -0.8801,    -inf,    -inf, -1.2775,  0.6026,  0.1042, -0.3634,  0.1448,  0.1444, 276105364029816780099682304000.0000, 19824800000000000753262694393127632896.0000, 1000000000000000.0000, 146800000000000000000.0000, 146500000000000000000.0000, -0.4202,  0.4685
 6.5000, 10.0000,  8.1700,  8.0600,  6.8100,  5.3100,  6.0000, -0.4676, -0.3405, -0.4441, -0.5979, -0.4708, -0.0235,  0.1036,  0.5925, -1.1587, -1.0296, -1.7512, -1.6221, -1.1768, -1.0478,    -inf,    -inf, -1.3050,  0.5744,  0.6027,  0.1712,  0.1435,  0.1426, 170467806238557225967597649920.0000, 12222200000000000467324382145140490240.0000, 1000000000000000.0000, 116200000000000000000.0000, 115900000000000000000.0000,  0.1217,  0.4622
 6.5000, 10.0000,  8.4700,  8.3600,  7.1100,  5.6100,  6.0000, -0.2167, -0.0896, -0.1804, -0.5498, -0.4228, -0.0363,  0.0908,  0.7950, -0.7541, -0.6251, -1.5491, -1.4200, -1.0355, -0.9065, -2.1470, -2.2760, -1.1912,  0.5135,  0.8112,  0.4389,  0.1434,  0.1413, 119318776481709700850487656448.0000, 8543599999999999555077377641058140160.0000, 900000000000000.0000, 97620000000000000000.0000, 97350000000000000000.0000,  0.3722,  0.4618
 6.5000, 10.0000,  8.8700,  8.7600,  7.5100,  6.0100,  6.0000,  0.0082,  0.1353,  0.0489, -0.4182, -0.2911, -0.0407,  0.0864,  0.8893, -0.6157, -0.4866, -1.5050, -1.3759, -1.1275, -0.9984,    -inf,    -inf, -1.0739,  0.3775,  0.9072,  0.6814,  0.1408,  0.1365, 97357696329463504294348062720.0000, 6965350000000000157337988211549405184.0000, 900000000000000.0000, 88740000000000000000.0000, 88470000000000000000.0000,  0.5982,  0.4629
 6.5000, 10.0000,  9.1700,  9.0600,  7.8100,  6.3100,  6.0000,  0.0837,  0.2108,  0.1346, -0.2596, -0.1325, -0.0509,  0.0762,  0.8115, -0.6121, -0.4831, -1.4236, -1.2945, -1.2149, -1.0858,    -inf,    -inf, -0.9626,  0.2087,  0.8330,  0.7852,  0.1365,  0.1300, 79300986236844052204138528768.0000, 5668389999999999410918441605998313472.0000, 900000000000000.0000, 80720000000000000000.0000, 80450000000000000000.0000,  0.6789,  0.4681
 6.5000, 32.0000,  7.5700,  7.4600,  6.2100,  4.7100,  6.0000, -1.0077, -0.8807, -0.9838, -0.6330, -0.5060, -0.0239,  0.1032,  0.0986, -1.4190, -1.2900, -1.5176, -1.3886, -0.9085, -0.7795,    -inf,    -inf, -1.2024,  0.6091,  0.1160, -0.3478,  0.1456,  0.1448, 44318273453020647112621162496.0000, 3155849999999999734309313122616213504.0000, 900000000000000.0000, 58500000000000000000.0000, 58230000000000000000.0000, -0.4073,  0.4733
 6.5000, 32.0000,  8.1700,  8.0600,  6.8100,  5.3100,  6.0000, -0.4547, -0.3277, -0.4497, -0.6040, -0.4769, -0.0050,  0.1220,  0.6125, -1.1498, -1.0207, -1.7623, -1.6333, -1.1634, -1.0343,    -inf,    -inf, -1.2940,  0.5989,  0.6225,  0.1788,  0.1438,  0.1430, 38382271073923548732863807488.0000, 2730769999999999720297063056211443712.0000, 866666666666666.6250, 55000000000000000000.0000, 54740000000000000000.0000,  0.1356,  0.4633
 6.5000, 32.0000,  8.4700,  8.3600,  7.1100,  5.6100,  6.0000, -0.2132, -0.0861, -0.2064, -0.5554, -0.4283, -0.0068,  0.1202,  0.8034, -0.9047, -0.7757, -1.7081, -1.5791, -1.1596, -1.0305,    -inf,    -inf, -1.2377,  0.5486,  0.8147,  0.4257,  0.1431,  0.1413, 38736949511561921537599602688.0000, 2756380000000000155128389812359266304.0000, 900000000000000.0000, 55520000000000000000.0000, 55250000000000000000.0000,  0.3751,  0.4612
 6.5000, 32.0000,  8.8700,  8.7600,  7.5100,  6.0100,  6.0000, -0.0097,  0.1174, -0.0112, -0.4192, -0.2921,  0.0015,  0.1286,  0.8723, -0.8897, -0.7606, -1.7620, -1.6330, -1.3413, -1.2122,    -inf,    -inf, -1.1656,  0.4207,  0.8823,  0.6414,  0.1396,  0.1357, 38846006543095371605259321344.0000, 2764359999999999781228217168339927040.0000, 900000000000000.0000, 55840000000000000000.0000, 55570000000000000000.0000,  0.5802,  0.4629
 6.5000, 32.0000,  9.1700,  9.0600,  7.8100,  6.3100,  6.0000, -0.0121,  0.1149,  0.0069, -0.2199, -0.0928, -0.0191,  0.1080,  0.6780, -1.0465, -0.9174, -1.7244, -1.5954, -1.5236, -1.3946,    -inf,    -inf, -1.0626,  0.2008,  0.6889,  0.6778,  0.1329,  0.1263, 39820987202925043242451861504.0000, 2834349999999999803976574443741773824.0000, 900000000000000.0000, 56680000000000000000.0000, 56410000000000000000.0000,  0.5851,  0.4702
 6.5000, 100.0000,  7.5700,  7.4600,  6.2100,  4.7100,  6.0000, -1.0140, -0.8869, -1.0133, -0.6391, -0.5120, -0.0006,  0.1264,  0.0919, -1.7624, -1.6333, -1.8543, -1.7253, -1.2159, -1.0868,    -inf,    -inf, -1.3414,  0.6384,  0.1000, -0.3847,  0.1444,  0.1442, 17407854637456155546298089472.0000, 1229520000000000026101364994869297152.0000, 866666666666666.6250, 36740000000000000000.0000, 36480000000000000000.0000, -0.4201,  0.4668
 6.5000, 100.0000,  8.1700,  8.0600,  6.8100,  5.3100,  6.0000, -0.4684, -0.3413, -0.4771, -0.5975, -0.4704,  0.0087,  0.1358,  0.5905, -1.4684, -1.3394, -2.0589, -1.9298, -1.4527, -1.3237,    -inf,    -inf, -1.3705,  0.6062,  0.5956,  0.1492,  0.1429,  0.1424, 22769846134572967621510037504.0000, 1612890000000000030837163308166938624.0000, 900000000000000.0000, 42310000000000000000.0000, 42040000000000000000.0000,  0.1201,  0.4614
 6.5000, 100.0000,  8.4700,  8.3600,  7.1100,  5.6100,  6.0000, -0.2654, -0.1384, -0.2481, -0.5312, -0.4042, -0.0173,  0.1098,  0.7259, -1.2859, -1.1569, -2.0119, -1.8828, -1.4980, -1.3689,    -inf,    -inf, -1.3294,  0.5139,  0.7316,  0.3676,  0.1414,  0.1397, 16646153402010266339001761792.0000, 1175349999999999966324860274165678080.0000, 866666666666666.6250, 36220000000000000000.0000, 35960000000000000000.0000,  0.3218,  0.4601
 6.5000, 100.0000,  8.8700,  8.7600,  7.5100,  6.0100,  6.0000, -0.1374, -0.0103, -0.1106, -0.3527, -0.2256, -0.0268,  0.1003,  0.6809, -1.3842, -1.2552, -2.0651, -1.9361, -1.7392, -1.6102,    -inf,    -inf, -1.2366,  0.3259,  0.6859,  0.5241,  0.1361,  0.1318, 19686332273819673287559479296.0000, 1392519999999999931337475552547176448.0000, 900000000000000.0000, 39420000000000000000.0000, 39150000000000000000.0000,  0.4553,  0.4656
 6.5000, 100.0000,  9.1700,  9.0600,  7.8100,  6.3100,  6.0000, -0.1894, -0.0623, -0.1279, -0.1206,  0.0065, -0.0615,  0.0656,  0.4055, -1.5661, -1.4371, -1.9717, -1.8426, -1.9126, -1.7835,    -inf,    -inf, -1.1011,  0.0591,  0.4117,  0.5201,  0.1274,  0.1200, 18335198902606308885340880896.0000, 1295990000000000063245290393953107968.0000, 900000000000000.0000, 38050000000000000000.0000, 37780000000000000000.0000,  0.4120,  0.4743
 7.0000,  1.0000,  7.5700,  7.4600,  6.2100,  4.7100,  6.0000, -1.0461, -0.9190, -1.2193, -0.7615, -0.6344,  0.1732,  0.3003,  0.1836, -0.5516, -0.4226, -0.7352, -0.6062,  0.1995,  0.3285, -1.8339, -1.9629, -1.6255,  0.9347,  0.2797, -0.4149,  0.1446,  0.1459, 27672593515148468199593345024.0000, 62088799999999996585321419366413107200.0000, 2666666666666666.5000, 146500000000000000000.0000, 145700000000000000000.0000, -0.4508,  0.4682
 7.0000,  1.0000,  8.1700,  8.0600,  6.8100,  5.3100,  6.0000, -0.4870, -0.3599, -0.6830, -0.7073, -0.5802,  0.1960,  0.3231,  0.6805, -0.1621, -0.0331, -0.8426, -0.7136,  0.0607,  0.1897, -1.9520, -2.0811, -1.6484,  0.9033,  0.7573,  0.1190,  0.1435,  0.1439, 26634696069546537467470938112.0000, 59752899999999996776612319035150827520.0000, 2666666666666666.5000, 145500000000000000000.0000, 144700000000000000000.0000,  0.1003,  0.4602
 7.0000,  1.0000,  8.4700,  8.3600,  7.1100,  5.6100,  6.0000, -0.2882, -0.1611, -0.4875, -0.6176, -0.4905,  0.1993,  0.3264,  0.7879, -0.1807, -0.0516, -0.9685, -0.8395, -0.1516, -0.0226, -2.1390, -2.2680, -1.6328,  0.8169,  0.8466,  0.3094,  0.1415,  0.1403, 25569468127562308970218520576.0000, 57346800000000001553088020344825970688.0000, 2666666666666666.5000, 143200000000000000000.0000, 142400000000000000000.0000,  0.2973,  0.4584
 7.0000,  1.0000,  8.8700,  8.7600,  7.5100,  6.0100,  6.0000, -0.2207, -0.0936, -0.4015, -0.3707, -0.2436,  0.1808,  0.3079,  0.6163, -0.7282, -0.5991, -1.3445, -1.2154, -0.7930, -0.6639,    -inf,    -inf, -1.5957,  0.5515,  0.6420,  0.3982,  0.1336,  0.1290, 22757601783121688528232120320.0000, 50984599999999998739998486684919398400.0000, 2666666666666666.5000, 134900000000000000000.0000, 134100000000000000000.0000,  0.3727,  0.4663
 7.0000,  1.0000,  9.1700,  9.0600,  7.8100,  6.3100,  6.0000, -0.3829, -0.2558, -0.4616, -0.0298,  0.0973,  0.0787,  0.2058,  0.1248, -1.8803, -1.7512, -2.0051, -1.8760, -1.8966, -1.7676,    -inf,    -inf, -1.4371,  0.1085,  0.1305,  0.3025,  0.1199,  0.1113, 19338008926131707980055314432.0000, 43250100000000001068743722363816771584.0000, 3000000000000000.0000, 123800000000000000000.0000, 122900000000000000000.0000,  0.2221,  0.4779
 7.0000,  3.2000,  7.5700,  7.4600,  6.2100,  4.7100,  6.0000, -1.0319, -0.9048, -1.2126, -0.7550, -0.6279,  0.1807,  0.3078,  0.1883, -0.6317, -0.5027, -0.8200, -0.6910,  0.1156,  0.2447, -1.8436, -1.9726, -1.6927,  0.9357,  0.2688, -0.4213,  0.1441,  0.1457, 23676882784541875753076129792.0000, 53051100000000003874763699361555677184.0000, 3000000000000000.0000, 135900000000000000000.0000, 135000000000000000000.0000, -0.4396,  0.4652
 7.0000,  3.2000,  8.1700,  8.0600,  6.8100,  5.3100,  6.0000, -0.4917, -0.3646, -0.6804, -0.6938, -0.5667,  0.1887,  0.3158,  0.6609, -0.2672, -0.1381, -0.9280, -0.7990, -0.0456,  0.0835, -1.9796, -2.1086, -1.7011,  0.8825,  0.7249,  0.1036,  0.1428,  0.1433, 19160139947843912497855725568.0000, 42850100000000001228864210521821282304.0000, 3000000000000000.0000, 123500000000000000000.0000, 122600000000000000000.0000,  0.0942,  0.4588
 7.0000,  3.2000,  8.4700,  8.3600,  7.1100,  5.6100,  6.0000, -0.3140, -0.1869, -0.4824, -0.5968, -0.4698,  0.1684,  0.2955,  0.7415, -0.2820, -0.1530, -1.0235, -0.8945, -0.2583, -0.1293, -2.1845, -2.3135, -1.6613,  0.7652,  0.7937,  0.2871,  0.1406,  0.1394, 15588397725954288120431116288.0000, 34786099999999998790053472343617961984.0000, 3000000000000000.0000, 111700000000000000000.0000, 110800000000000000000.0000,  0.2718,  0.4587
 7.0000,  3.2000,  8.8700,  8.7600,  7.5100,  6.0100,  6.0000, -0.2744, -0.1473, -0.3720, -0.3289, -0.2019,  0.0976,  0.2247,  0.5223, -0.7617, -0.6327, -1.2840, -1.1550, -0.8575, -0.7284,    -inf,    -inf, -1.5996,  0.4265,  0.5516,  0.3645,  0.1319,  0.1271, 11334028194519017389119504384.0000, 25190900000000001875445105018686930944.0000, 2800000000000000.0000, 94910000000000000000.0000, 94070000000000000000.0000,  0.3204,  0.4677
 7.0000,  3.2000,  9.1700,  9.0600,  7.8100,  6.3100,  6.0000, -0.4630, -0.3359, -0.4676,  0.0192,  0.1463,  0.0046,  0.1317, -0.0027, -1.4594, -1.3303, -1.4567, -1.3277, -1.4713, -1.3422,    -inf,    -inf, -1.3916, -0.0146,  0.0173,  0.2481,  0.1173,  0.1082, 8155278883878042146590162944.0000, 18037899999999999898374089562816249856.0000, 2833333333333333.5000, 80360000000000000000.0000, 79510000000000000000.0000,  0.1436,  0.4795
 7.0000, 10.0000,  7.5700,  7.4600,  6.2100,  4.7100,  6.0000, -1.0472, -0.9202, -1.2034, -0.7572, -0.6302,  0.1561,  0.2832,  0.1765, -0.5610, -0.4320, -0.7375, -0.6084,  0.1759,  0.3049, -1.8426, -1.9717, -1.6442,  0.9133,  0.2721, -0.4156,  0.1443,  0.1458, 8931606303110303969089421312.0000, 19776700000000000571816607572167753728.0000, 2800000000000000.0000, 83220000000000000000.0000, 82380000000000000000.0000, -0.4537,  0.4665
 7.0000, 10.0000,  8.1700,  8.0600,  6.8100,  5.3100,  6.0000, -0.4946, -0.3676, -0.6789, -0.6986, -0.5715,  0.1842,  0.3113,  0.6633, -0.2130, -0.0839, -0.8762, -0.7472,  0.0065,  0.1356, -1.9743, -2.1033, -1.6698,  0.8828,  0.7348,  0.1095,  0.1431,  0.1435, 5511930714991312637622484992.0000, 12107800000000000418671512100936876032.0000, 2800000000000000.0000, 66020000000000000000.0000, 65180000000000000000.0000,  0.0918,  0.4594
 7.0000, 10.0000,  8.4700,  8.3600,  7.1100,  5.6100,  6.0000, -0.2942, -0.1671, -0.4366, -0.6473, -0.5203,  0.1424,  0.2695,  0.8128,  0.1170,  0.2461, -0.6958, -0.5667,  0.0940,  0.2230, -2.1026, -2.2316, -1.5021,  0.7897,  0.9170,  0.3542,  0.1428,  0.1416, 3885012875536480276683161600.0000, 8472650000000000274124847347769802752.0000, 2766666666666666.5000, 55580000000000000000.0000, 54750000000000000000.0000,  0.2925,  0.4597
 7.0000, 10.0000,  8.8700,  8.7600,  7.5100,  6.0100,  6.0000, -0.0975,  0.0296, -0.2238, -0.5018, -0.3747,  0.1263,  0.2534,  0.8668,  0.1857,  0.3147, -0.6811, -0.5520, -0.0530,  0.0761, -2.4255, -2.5545, -1.3418,  0.6281,  0.9741,  0.5770,  0.1401,  0.1360, 3180061466305746177609433088.0000, 6904029999999999799372773933730234368.0000, 2800000000000000.0000, 50590000000000000000.0000, 49750000000000000000.0000,  0.4920,  0.4624
 7.0000, 10.0000,  9.1700,  9.0600,  7.8100,  6.3100,  6.0000, -0.0386,  0.0884, -0.1416, -0.3385, -0.2114,  0.1029,  0.2300,  0.7682,  0.1267,  0.2557, -0.6416, -0.5125, -0.2001, -0.0711, -2.7738, -2.9028, -1.2071,  0.4414,  0.8846,  0.6738,  0.1355,  0.1289, 2592270106844853111592321024.0000, 5600339999999999573926976036381130752.0000, 2800000000000000.0000, 46080000000000000000.0000, 45240000000000000000.0000,  0.5568,  0.4684
 7.0000, 32.0000,  7.5700,  7.4600,  6.2100,  4.7100,  6.0000, -1.0621, -0.9351, -1.2136, -0.7607, -0.6336,  0.1515,  0.2786,  0.1704, -0.4855, -0.3565, -0.6559, -0.5269,  0.2562,  0.3853, -1.8275, -1.9565, -1.5460,  0.9122,  0.2834, -0.4072,  0.1450,  0.1461, 1494593563159903370154606592.0000, 3163499999999999855209128961922564096.0000, 2766666666666666.5000, 33580000000000000000.0000, 32750000000000000000.0000, -0.4632,  0.4719
 7.0000, 32.0000,  8.1700,  8.0600,  6.8100,  5.3100,  6.0000, -0.4823, -0.3552, -0.6835, -0.7106, -0.5835,  0.2012,  0.3283,  0.6886, -0.2022, -0.0731, -0.8908, -0.7617,  0.0210,  0.1500, -1.9473, -2.0764, -1.6549,  0.9118,  0.7579,  0.1197,  0.1434,  0.1439, 1285494648205944453010030592.0000, 2708189999999999840311476960167460864.0000, 2766666666666666.5000, 31610000000000000000.0000, 30780000000000000000.0000,  0.1051,  0.4603
 7.0000, 32.0000,  8.4700,  8.3600,  7.1100,  5.6100,  6.0000, -0.2683, -0.1413, -0.4577, -0.6512, -0.5241,  0.1893,  0.3164,  0.8417, -0.0043,  0.1248, -0.8460, -0.7170, -0.0055,  0.1235, -2.0820, -2.2111, -1.5655,  0.8405,  0.9180,  0.3494,  0.1426,  0.1416, 1296430340368957390372995072.0000, 2733220000000000268291428699839922176.0000, 2766666666666666.5000, 31900000000000000000.0000, 31070000000000000000.0000,  0.3177,  0.4589
 7.0000, 32.0000,  8.8700,  8.7600,  7.5100,  6.0100,  6.0000, -0.0818,  0.0453, -0.2751, -0.5028, -0.3757,  0.1934,  0.3204,  0.8830, -0.0306,  0.0984, -0.9136, -0.7846, -0.2175, -0.0884, -2.3991, -2.5281, -1.4672,  0.6961,  0.9490,  0.5555,  0.1389,  0.1351, 1299079054072948486395920384.0000, 2740029999999999931457948725922496512.0000, 2766666666666666.5000, 32080000000000000000.0000, 31250000000000000000.0000,  0.5073,  0.4620
 7.0000, 32.0000,  9.1700,  9.0600,  7.8100,  6.3100,  6.0000, -0.0843,  0.0428, -0.2522, -0.2892, -0.1621,  0.1680,  0.2950,  0.6746, -0.2289, -0.0999, -0.9035, -0.7745, -0.4464, -0.3174,    -inf,    -inf, -1.3434,  0.4571,  0.7421,  0.5966,  0.1320,  0.1248, 1325171848782911994102546432.0000, 2798260000000000039194078561953644544.0000, 2766666666666666.5000, 32550000000000000000.0000, 31720000000000000000.0000,  0.5125,  0.4697
 7.0000, 100.0000,  7.5700,  7.4600,  6.2100,  4.7100,  6.0000, -1.0078, -0.8808, -1.2287, -0.7469, -0.6198,  0.2208,  0.3479,  0.2037, -0.7770, -0.6480, -0.9808, -0.8517, -0.0130,  0.1160, -1.8417, -1.9708, -1.7341,  0.9677,  0.2609, -0.4290,  0.1439,  0.1457, 604091822444133318968475648.0000, 1224649999999999958395926315865735168.0000, 2733333333333333.5000, 21330000000000000000.0000, 20510000000000000000.0000, -0.4161,  0.4647
 7.0000, 100.0000,  8.1700,  8.0600,  6.8100,  5.3100,  6.0000, -0.4576, -0.3305, -0.7049, -0.6830, -0.5559,  0.2473,  0.3744,  0.6839, -0.4973, -0.3682, -1.1811, -1.0521, -0.2509, -0.1218, -1.9683, -2.0973, -1.7632,  0.9303,  0.7208,  0.0952,  0.1425,  0.1433, 775719866243073730309783552.0000, 1596550000000000051545184698030358528.0000, 2733333333333333.5000, 24460000000000000000.0000, 23640000000000000000.0000,  0.1280,  0.4585
 7.0000, 100.0000,  8.4700,  8.3600,  7.1100,  5.6100,  6.0000, -0.2787, -0.1517, -0.4863, -0.5932, -0.4661,  0.2076,  0.3347,  0.7728, -0.3724, -0.2434, -1.1452, -1.0161, -0.3444, -0.2154, -2.1517, -2.2808, -1.6875,  0.8008,  0.8127,  0.2944,  0.1407,  0.1398, 574885067975087462776045568.0000, 1163530000000000060781383873757970432.0000, 2733333333333333.5000, 21040000000000000000.0000, 20220000000000000000.0000,  0.3067,  0.4583
 7.0000, 100.0000,  8.8700,  8.7600,  7.5100,  6.0100,  6.0000, -0.1631, -0.0360, -0.3575, -0.3983, -0.2712,  0.1944,  0.3215,  0.7001, -0.5090, -0.3799, -1.2091, -1.0800, -0.6164, -0.4873,    -inf,    -inf, -1.5686,  0.5927,  0.7348,  0.4462,  0.1350,  0.1308, 673776895267034586706608128.0000, 1376589999999999936533682372722294784.0000, 2733333333333333.5000, 22840000000000000000.0000, 22020000000000000000.0000,  0.4289,  0.4649
 7.0000, 100.0000,  9.1700,  9.0600,  7.8100,  6.3100,  6.0000, -0.2257, -0.0987, -0.3678, -0.1507, -0.0237,  0.1420,  0.2691,  0.3989, -0.7464, -0.6173, -1.1453, -1.0162, -0.8525, -0.7235,    -inf,    -inf, -1.4040,  0.2927,  0.4388,  0.4467,  0.1256,  0.1178, 626958314733329149486694400.0000, 1276000000000000020481872098800697344.0000, 2733333333333333.5000, 22060000000000000000.0000, 21240000000000000000.0000,  0.3752,  0.4739
 7.5000,  1.0000,  7.5700,  7.4600,  6.2100,  4.7100,  6.0000, -1.2647, -1.1376, -1.4856, -0.8650, -0.7380,  0.2209,  0.3480,  0.0659,  0.0699,  0.1989,  0.0040,  0.1331,  1.0900,  1.2190, -1.7335, -1.8625, -1.8118,  1.0860,  0.4385, -0.4319,  0.1445,  0.1472, 942661900511049264803086336.0000, 61891799999999997962831542573382762496.0000, 8700000000000000.0000, 84540000000000000000.0000, 81930000000000000000.0000, -0.6721,  0.4655
 7.5000,  1.0000,  8.1700,  8.0600,  6.8100,  5.3100,  6.0000, -0.7053, -0.5782, -0.9800, -0.8036, -0.6766,  0.2747,  0.4018,  0.5553,  0.4581,  0.5872, -0.0972,  0.0319,  0.9812,  1.1102, -1.9025, -2.0315, -1.8492,  1.0784,  0.8725,  0.0794,  0.1434,  0.1446, 897192626416370521760333824.0000, 58868700000000001923760638221109690368.0000, 8700000000000000.0000, 83970000000000000000.0000, 81360000000000000000.0000, -0.1213,  0.4569
 7.5000,  1.0000,  8.4700,  8.3600,  7.1100,  5.6100,  6.0000, -0.5055, -0.3784, -0.8158, -0.6976, -0.5705,  0.3103,  0.4374,  0.6495,  0.4265,  0.5555, -0.2230, -0.0940,  0.7848,  0.9139, -2.1471, -2.2761, -1.8428,  1.0079,  0.9061,  0.2385,  0.1413,  0.1402, 859715859511343882585505792.0000, 56325599999999996247812182339940777984.0000, 8700000000000000.0000, 82670000000000000000.0000, 80060000000000000000.0000,  0.0790,  0.4575
 7.5000,  1.0000,  8.8700,  8.7600,  7.5100,  6.0100,  6.0000, -0.3825, -0.2554, -0.7427, -0.4367, -0.3096,  0.3603,  0.4874,  0.5211, -0.0660,  0.0630, -0.5872, -0.4581,  0.2098,  0.3389, -2.6853, -2.8144, -1.8942,  0.7970,  0.6509,  0.3158,  0.1324,  0.1275, 758219432962214190764785664.0000, 49389899999999999626283083199500255232.0000, 8666666666666667.0000, 78000000000000000000.0000, 75400000000000000000.0000,  0.2115,  0.4669
 7.5000,  1.0000,  9.1700,  9.0600,  7.8100,  6.3100,  6.0000, -0.4539, -0.3269, -0.7432, -0.0586,  0.0684,  0.2893,  0.4163,  0.0829, -1.1783, -1.0493, -1.2612, -1.1322, -0.9133, -0.7843,    -inf,    -inf, -1.7367,  0.3479,  0.1138,  0.2448,  0.1185,  0.1090, 638511749347258416505028608.0000, 41221799999999997972916423116386729984.0000, 8666666666666667.0000, 71720000000000000000.0000, 69120000000000000000.0000,  0.1514,  0.4782
 7.5000,  3.2000,  7.5700,  7.4600,  6.2100,  4.7100,  6.0000, -1.2245, -1.0975, -1.4757, -0.8599, -0.7328,  0.2512,  0.3783,  0.0976,  0.0212,  0.1503, -0.0764,  0.0526,  1.0347,  1.1637, -1.7450, -1.8740, -1.9100,  1.1111,  0.4258, -0.4345,  0.1441,  0.1470, 809361501484462074750828544.0000, 52757899999999995444648683187315146752.0000, 8666666666666667.0000, 78530000000000000000.0000, 75930000000000000000.0000, -0.6352,  0.4623
 7.5000,  3.2000,  8.1700,  8.0600,  6.8100,  5.3100,  6.0000, -0.6896, -0.5626, -0.9787, -0.7887, -0.6616,  0.2890,  0.4161,  0.5550,  0.3734,  0.5025, -0.1816, -0.0525,  0.8961,  1.0252, -1.9383, -2.0673, -1.9288,  1.0777,  0.8306,  0.0612,  0.1428,  0.1440, 653956787853883227068432384.0000, 42208100000000002194212566445865304064.0000, 8633333333333333.0000, 71550000000000000000.0000, 68960000000000000000.0000, -0.1066,  0.4560
 7.5000,  3.2000,  8.4700,  8.3600,  7.1100,  5.6100,  6.0000, -0.5174, -0.3903, -0.8077, -0.6734, -0.5463,  0.2903,  0.4174,  0.6141,  0.3307,  0.4597, -0.2834, -0.1544,  0.6803,  0.8094, -2.1996, -2.3286, -1.8892,  0.9637,  0.8447,  0.2122,  0.1403,  0.1392, 535397596262701402299564032.0000, 34164100000000002108579045294584365056.0000, 8633333333333333.0000, 64900000000000000000.0000, 62310000000000000000.0000,  0.0678,  0.4581
 7.5000,  3.2000,  8.8700,  8.7600,  7.5100,  6.0100,  6.0000, -0.4297, -0.3026, -0.6926, -0.3664, -0.2393,  0.2630,  0.3900,  0.4054, -0.1446, -0.0155, -0.5499, -0.4209,  0.0794,  0.2085, -2.7840, -2.9130, -1.8951,  0.6294,  0.5451,  0.2713,  0.1303,  0.1250, 390471426140143664385490944.0000, 24403200000000002320627454602752557056.0000, 8533333333333333.0000, 55460000000000000000.0000, 52900000000000000000.0000,  0.1660,  0.4686
 7.5000,  3.2000,  9.1700,  9.0600,  7.8100,  6.3100,  6.0000, -0.6131, -0.4860, -0.7716,  0.0385,  0.1655,  0.1586,  0.2856, -0.1700, -0.9501, -0.8211, -0.7801, -0.6511, -0.6600, -0.5310,    -inf,    -inf, -1.6213,  0.1201, -0.0825,  0.1347,  0.1138,  0.1032, 281913914673844289596817408.0000, 17187700000000000073427360242217254912.0000, 8500000000000000.0000, 47260000000000000000.0000, 44710000000000000000.0000, -0.0045,  0.4815
 7.5000, 10.0000,  7.5700,  7.4600,  6.2100,  4.7100,  6.0000, -1.2533, -1.1262, -1.4598, -0.8557, -0.7286,  0.2065,  0.3336,  0.0661,  0.0485,  0.1775, -0.0176,  0.1114,  1.0446,  1.1737, -1.7449, -1.8739, -1.8267,  1.0622,  0.4264, -0.4325,  0.1443,  0.1470, 321174498629488687049605120.0000, 19689899999999999709313121757222141952.0000, 8500000000000000.0000, 48870000000000000000.0000, 46320000000000000000.0000, -0.6625,  0.4637
 7.5000, 10.0000,  8.1700,  8.0600,  6.8100,  5.3100,  6.0000, -0.6980, -0.5709, -0.9655, -0.7920, -0.6649,  0.2675,  0.3946,  0.5505,  0.3999,  0.5290, -0.1506, -0.0215,  0.9089,  1.0380, -1.9311, -2.0602, -1.8710,  1.0595,  0.8409,  0.0684,  0.1430,  0.1442, 202688673593399611983134720.0000, 11939299999999999954856038414661189632.0000, 8400000000000000.0000, 39170000000000000000.0000, 36650000000000000000.0000, -0.1144,  0.4565
 7.5000, 10.0000,  8.4700,  8.3600,  7.1100,  5.6100,  6.0000, -0.5528, -0.4258, -0.7426, -0.7250, -0.5979,  0.1898,  0.3169,  0.6304,  0.6091,  0.7382, -0.0213,  0.1077,  0.8935,  1.0226, -2.0952, -2.2243, -1.6349,  0.9148,  0.9887,  0.2805,  0.1426,  0.1420, 146681225191791776808042496.0000, 8339379999999999809193269494869393408.0000, 8266666666666667.0000, 33270000000000000000.0000, 30790000000000000000.0000,  0.0325,  0.4582
 7.5000, 10.0000,  8.8700,  8.7600,  7.5100,  6.0100,  6.0000, -0.3818, -0.2547, -0.5538, -0.5722, -0.4451,  0.1720,  0.2990,  0.6540,  0.5943,  0.7234, -0.0597,  0.0694,  0.6845,  0.8135, -2.4710, -2.6000, -1.4553,  0.7442,  0.9911,  0.4623,  0.1393,  0.1358, 121112714250130411216699392.0000, 6737520000000000448058599155387334656.0000, 8233333333333333.0000, 30450000000000000000.0000, 27980000000000000000.0000,  0.2089,  0.4636
 7.5000, 10.0000,  9.1700,  9.0600,  7.8100,  6.3100,  6.0000, -0.3525, -0.2255, -0.4958, -0.4045, -0.2775,  0.1433,  0.2703,  0.5238,  0.4194,  0.5484, -0.1044,  0.0246,  0.4434,  0.5724, -2.8519, -2.9809, -1.3070,  0.5478,  0.8373,  0.5140,  0.1336,  0.1278, 99461400359066426908082176.0000, 5405170000000000515066239965303144448.0000, 8166666666666667.0000, 27890000000000000000.0000, 25440000000000000000.0000,  0.2464,  0.4718
 7.5000, 32.0000,  7.5700,  7.4600,  6.2100,  4.7100,  6.0000, -1.2634, -1.1363, -1.4413, -0.8452, -0.7181,  0.1779,  0.3050,  0.0515,  0.0616,  0.1906,  0.0101,  0.1391,  1.0332,  1.1622, -1.7304, -1.8594, -1.6812,  1.0231,  0.4276, -0.4276,  0.1448,  0.1471, 63956216684131393866825728.0000, 3163279999999999791545247711669256192.0000, 7933333333333333.0000, 20790000000000000000.0000, 18410000000000000000.0000, -0.6666,  0.4697
 7.5000, 32.0000,  8.1700,  8.0600,  6.8100,  5.3100,  6.0000, -0.6677, -0.5406, -0.9395, -0.8035, -0.6764,  0.2719,  0.3989,  0.5931,  0.4020,  0.5311, -0.1911, -0.0621,  0.8843,  1.0133, -1.8984, -2.0274, -1.8382,  1.0754,  0.8642,  0.0866,  0.1434,  0.1445, 55210126582278480499572736.0000, 2674320000000000020333097816101486592.0000, 7866666666666667.0000, 19670000000000000000.0000, 17310000000000000000.0000, -0.0833,  0.4573
 7.5000, 32.0000,  8.4700,  8.3600,  7.1100,  5.6100,  6.0000, -0.4893, -0.3622, -0.7408, -0.7320, -0.6049,  0.2516,  0.3786,  0.7001,  0.5398,  0.6688, -0.1604, -0.0313,  0.8232,  0.9523, -2.0788, -2.2078, -1.7177,  0.9836,  0.9858,  0.2880,  0.1423,  0.1416, 55393934054315981493239808.0000, 2691880000000000003859075420225798144.0000, 7866666666666667.0000, 19830000000000000000.0000, 17470000000000000000.0000,  0.0952,  0.4574
 7.5000, 32.0000,  8.8700,  8.7600,  7.5100,  6.0100,  6.0000, -0.3266, -0.1995, -0.5873, -0.5805, -0.4535,  0.2606,  0.3877,  0.7166,  0.4787,  0.6077, -0.2380, -0.1089,  0.6032,  0.7322, -2.4649, -2.5939, -1.6188,  0.8412,  0.9666,  0.4643,  0.1378,  0.1337, 54901737990067273722757120.0000, 2673250000000000140001173814382690304.0000, 7866666666666667.0000, 19930000000000000000.0000, 17570000000000000000.0000,  0.2632,  0.4627
 7.5000, 32.0000,  9.1700,  9.0600,  7.8100,  6.3100,  6.0000, -0.3519, -0.2248, -0.5956, -0.3456, -0.2186,  0.2437,  0.3708,  0.4660,  0.1779,  0.3070, -0.2881, -0.1590,  0.3013,  0.4303, -2.9861, -3.1151, -1.4742,  0.5893,  0.6948,  0.4681,  0.1291,  0.1211, 54950825933352423198294016.0000, 2689329999999999963559136807123681280.0000, 7866666666666667.0000, 20200000000000000000.0000, 17840000000000000000.0000,  0.2474,  0.4722
 7.5000, 100.0000,  7.5700,  7.4600,  6.2100,  4.7100,  6.0000, -1.1291, -1.0020, -1.4340, -0.8383, -0.7112,  0.3050,  0.4320,  0.1714, -0.1276,  0.0014, -0.2990, -0.1699,  0.8443,  0.9733, -1.7472, -1.8762, -1.9433,  1.1433,  0.3957, -0.4350,  0.1439,  0.1468, 29610823700590083820224512.0000, 1218929999999999926448492295720271872.0000, 7466666666666667.0000, 13770000000000000000.0000, 11530000000000000000.0000, -0.5399,  0.4621
 7.5000, 100.0000,  8.1700,  8.0600,  6.8100,  5.3100,  6.0000, -0.5726, -0.4455, -0.9514, -0.7658, -0.6387,  0.3788,  0.5059,  0.6491,  0.1883,  0.3174, -0.4607, -0.3317,  0.6839,  0.8130, -1.9224, -2.0514, -2.0122,  1.1446,  0.8152,  0.0667,  0.1423,  0.1439, 35982573034985095679705088.0000, 1576430000000000078488711183856566272.0000, 7566666666666667.0000, 15570000000000000000.0000, 13300000000000000000.0000,  0.0103,  0.4558
 7.5000, 100.0000,  8.4700,  8.3600,  7.1100,  5.6100,  6.0000, -0.4156, -0.2885, -0.7540, -0.6469, -0.5198,  0.3383,  0.4654,  0.6888,  0.2462,  0.3753, -0.4426, -0.3136,  0.5427,  0.6717, -2.1572, -2.2862, -1.9045,  0.9853,  0.8608,  0.2358,  0.1401,  0.1393, 28030295987803515898560512.0000, 1146240000000000034646026594300198912.0000, 7433333333333333.0000, 13600000000000000000.0000, 11370000000000000000.0000,  0.1690,  0.4575
 7.5000, 100.0000,  8.8700,  8.7600,  7.5100,  6.0100,  6.0000, -0.3149, -0.1878, -0.6572, -0.4384, -0.3113,  0.3423,  0.4693,  0.5890,  0.0878,  0.2168, -0.5013, -0.3722,  0.2794,  0.4084, -2.6110, -2.7401, -1.7918,  0.7807,  0.7427,  0.3659,  0.1332,  0.1285, 31548685322332124624191488.0000, 1340640000000000051274799006902910976.0000, 7533333333333333.0000, 14640000000000000000.0000, 12380000000000000000.0000,  0.2777,  0.4655
 7.5000, 100.0000,  9.1700,  9.0600,  7.8100,  6.3100,  6.0000, -0.4137, -0.2866, -0.6973, -0.1581, -0.0311,  0.2836,  0.4107,  0.2204, -0.2812, -0.1522, -0.5017, -0.3726, -0.0599,  0.0691,    -inf,    -inf, -1.5904,  0.4417,  0.3740,  0.3307,  0.1208,  0.1119, 29224912360477346618146816.0000, 1222400000000000018326185097625075712.0000, 7466666666666667.0000, 14190000000000000000.0000, 11950000000000000000.0000,  0.1894,  0.4760
 8.0000,  1.0000,  7.5700,  7.4600,  6.2100,  4.7100,  6.0000, -1.5315, -1.4044, -1.7242, -0.8914, -0.7643,  0.1926,  0.3197, -0.1778,  0.3345,  0.4636,  0.5123,  0.6413,  1.5963,  1.7253, -1.6539, -1.7830, -1.8089,  1.0840,  0.5529, -0.4448,  0.1444,  0.1477, 42638610606724689178918912.0000, 61299500000000000431248118569255305216.0000, 24333333333333332.0000, 53370000000000000000.0000, 46070000000000000000.0000, -0.9421,  0.4624
 8.0000,  1.0000,  8.1700,  8.0600,  6.8100,  5.3100,  6.0000, -1.0069, -0.8798, -1.2650, -0.8349, -0.7078,  0.2581,  0.3851,  0.2825,  0.7029,  0.8319,  0.4204,  0.5494,  1.5133,  1.6423, -1.8740, -2.0030, -1.8497,  1.0930,  0.9399,  0.0414,  0.1434,  0.1449, 39981142596872986031030272.0000, 57322300000000004337285708930420310016.0000, 24300000000000000.0000, 53040000000000000000.0000, 45750000000000000000.0000, -0.4253,  0.4546
 8.0000,  1.0000,  8.4700,  8.3600,  7.1100,  5.6100,  6.0000, -0.8185, -0.6914, -1.1351, -0.7322, -0.6052,  0.3167,  0.4437,  0.3711,  0.6641,  0.7932,  0.2930,  0.4220,  1.3419,  1.4709, -2.1635, -2.2925, -1.8603,  1.0489,  0.9325,  0.1747,  0.1410,  0.1400, 38077119999999998607491072.0000, 54245999999999999772027495509104001024.0000, 24233333333333332.0000, 52290000000000000000.0000, 45020000000000000000.0000, -0.2340,  0.4574
 8.0000,  1.0000,  8.8700,  8.7600,  7.5100,  6.0100,  6.0000, -0.6653, -0.5382, -1.1135, -0.4815, -0.3544,  0.4483,  0.5753,  0.2853,  0.2007,  0.3297, -0.0847,  0.0444,  0.8451,  0.9742, -2.8096, -2.9386, -2.0332,  0.9298,  0.6091,  0.2169,  0.1301,  0.1246, 33112162863724111933210624.0000, 46036699999999999504639525738462052352.0000, 24033333333333332.0000, 49610000000000000000.0000, 42400000000000000000.0000, -0.0691,  0.4691
 8.0000,  1.0000,  9.1700,  9.0600,  7.8100,  6.3100,  6.0000, -0.5880, -0.4609, -1.0628, -0.1121,  0.0150,  0.4748,  0.6019,  0.0033, -0.7811, -0.6521, -0.7844, -0.6554, -0.1975, -0.0685,    -inf,    -inf, -1.9613,  0.5869,  0.0901,  0.1878,  0.1150,  0.1042, 27254592254592252603531264.0000, 36509800000000001748082366765537951744.0000, 23766666666666668.0000, 46000000000000000000.0000, 38870000000000000000.0000,  0.0183,  0.4793
 8.0000,  3.2000,  7.5700,  7.4600,  6.2100,  4.7100,  6.0000, -1.4769, -1.3498, -1.7104, -0.8916, -0.7646,  0.2335,  0.3605, -0.1261,  0.3009,  0.4300,  0.4270,  0.5561,  1.5521,  1.6812, -1.6700, -1.7990, -1.9258,  1.1251,  0.5365, -0.4383,  0.1441,  0.1476, 37428583978213815625973760.0000, 52189599999999998847931326467636461568.0000, 24066666666666668.0000, 49920000000000000000.0000, 42700000000000000000.0000, -0.8907,  0.4592
 8.0000,  3.2000,  8.1700,  8.0600,  6.8100,  5.3100,  6.0000, -0.9740, -0.8469, -1.2641, -0.8233, -0.6962,  0.2901,  0.4172,  0.3035,  0.6299,  0.7589,  0.3264,  0.4554,  1.4398,  1.5688, -1.9192, -2.0483, -1.9505,  1.1134,  0.8894,  0.0248,  0.1427,  0.1441, 30747872428144271653076992.0000, 41145899999999999620709806127221571584.0000, 23733333333333332.0000, 45900000000000000000.0000, 38780000000000000000.0000, -0.3927,  0.4542
 8.0000,  3.2000,  8.4700,  8.3600,  7.1100,  5.6100,  6.0000, -0.8097, -0.6826, -1.1236, -0.7091, -0.5820,  0.3139,  0.4409,  0.3577,  0.5723,  0.7013,  0.2145,  0.3436,  1.2375,  1.3665, -2.2253, -2.3544, -1.9253,  1.0230,  0.8637,  0.1470,  0.1398,  0.1387, 25782554866710875411054592.0000, 32940499999999999623296734362043678720.0000, 23366666666666668.0000, 42050000000000000000.0000, 35040000000000000000.0000, -0.2243,  0.4583
 8.0000,  3.2000,  8.8700,  8.7600,  7.5100,  6.0100,  6.0000, -0.6863, -0.5593, -1.0380, -0.3863, -0.2593,  0.3516,  0.4787,  0.1711,  0.0755,  0.2045, -0.0957,  0.0334,  0.6423,  0.7714, -2.9261, -3.0552, -2.0276,  0.7380,  0.4892,  0.1636,  0.1271,  0.1213, 19362633396917050502283264.0000, 22798500000000002030323442603872223232.0000, 22733333333333332.0000, 36570000000000000000.0000, 29750000000000000000.0000, -0.0881,  0.4711
 8.0000,  3.2000,  9.1700,  9.0600,  7.8100,  6.3100,  6.0000, -0.8381, -0.7110, -1.1101,  0.0316,  0.1587,  0.2720,  0.3991, -0.3835, -0.9144, -0.7853, -0.5309, -0.4019, -0.2905, -0.1614,    -inf,    -inf, -1.7254,  0.2404, -0.2385, -0.0219,  0.1046,  0.0928, 14420583749306708547076096.0000, 15471999999999999001142649204995260416.0000, 22066666666666668.0000, 31760000000000000000.0000, 25140000000000000000.0000, -0.2248,  0.4862
 8.0000, 10.0000,  7.5700,  7.4600,  6.2100,  4.7100,  6.0000, -1.4788, -1.3517, -1.6661, -0.8790, -0.7520,  0.1874,  0.3145, -0.1388,  0.2945,  0.4235,  0.4333,  0.5623,  1.4997,  1.6287, -1.6726, -1.8016, -1.8243,  1.0664,  0.5287, -0.4418,  0.1443,  0.1475, 17818652133562385264803840.0000, 19511299999999999757195087305422929920.0000, 22200000000000000.0000, 32710000000000000000.0000, 26050000000000000000.0000, -0.8907,  0.4609
 8.0000, 10.0000,  8.1700,  8.0600,  6.8100,  5.3100,  6.0000, -0.9437, -0.8167, -1.2046, -0.8206, -0.6936,  0.2608,  0.3879,  0.3317,  0.6288,  0.7578,  0.2971,  0.4261,  1.3786,  1.5076, -1.9105, -2.0395, -1.8748,  1.0815,  0.8961,  0.0361,  0.1429,  0.1442, 12303459187095333096128512.0000, 11678499999999999398123289091929800704.0000, 21166666666666668.0000, 26960000000000000000.0000, 20610000000000000000.0000, -0.3619,  0.4548
 8.0000, 10.0000,  8.4700,  8.3600,  7.1100,  5.6100,  6.0000, -0.8045, -0.6775, -0.9799, -0.7495, -0.6225,  0.1754,  0.3024,  0.4026,  0.7741,  0.9032,  0.3716,  0.5006,  1.2965,  1.4255, -2.0849, -2.2140, -1.6208,  0.9249,  1.0224,  0.2205,  0.1420,  0.1419, 9592468312178644605730816.0000, 8083319999999999980168713990825836544.0000, 20366666666666668.0000, 23420000000000000000.0000, 17310000000000000000.0000, -0.2199,  0.4576
 8.0000, 10.0000,  8.8700,  8.7600,  7.5100,  6.0100,  6.0000, -0.6337, -0.5066, -0.7950, -0.6083, -0.4812,  0.1614,  0.2884,  0.4391,  0.7253,  0.8544,  0.2863,  0.4153,  1.0559,  1.1850, -2.4724, -2.6015, -1.4594,  0.7697,  0.9956,  0.3764,  0.1371,  0.1341, 8118026885330209834270720.0000, 6378529999999999596523998000214704128.0000, 19900000000000000.0000, 21700000000000000000.0000, 15730000000000000000.0000, -0.0422,  0.4644
 8.0000, 10.0000,  9.1700,  9.0600,  7.8100,  6.3100,  6.0000, -0.5905, -0.4634, -0.7276, -0.4473, -0.3202,  0.1372,  0.2642,  0.3309,  0.5017,  0.6307,  0.1708,  0.2998,  0.7553,  0.8843, -2.8387, -2.9677, -1.3240,  0.5845,  0.8072,  0.4050,  0.1264,  0.1205, 6850118929182847198560256.0000, 5004079999999999715802068810282827776.0000, 19400000000000000.0000, 20130000000000000000.0000, 14310000000000000000.0000,  0.0107,  0.4741
 8.0000, 32.0000,  7.5700,  7.4600,  6.2100,  4.7100,  6.0000, -1.4129, -1.2858, -1.5741, -0.8544, -0.7273,  0.1612,  0.2883, -0.0907,  0.2538,  0.3828,  0.3445,  0.4736,  1.3601,  1.4892, -1.6657, -1.7948, -1.6668,  1.0156,  0.5087, -0.4400,  0.1448,  0.1473, 5661652154993071966126080.0000, 3149059999999999969603907690428366848.0000, 17700000000000000.0000, 15670000000000000000.0000, 10360000000000000000.0000, -0.8180,  0.4678
 8.0000, 32.0000,  8.1700,  8.0600,  6.8100,  5.3100,  6.0000, -0.8468, -0.7198, -1.1096, -0.8237, -0.6966,  0.2627,  0.3898,  0.4324,  0.6115,  0.7405,  0.1791,  0.3081,  1.2655,  1.3945, -1.8774, -2.0064, -1.8342,  1.0864,  0.9143,  0.0645,  0.1430,  0.1443, 5000127172530733857112064.0000, 2628220000000000015175151661963280384.0000, 17386666666666666.0000, 14950000000000000000.0000, 9734000000000000000.0000, -0.2642,  0.4555
 8.0000, 32.0000,  8.4700,  8.3600,  7.1100,  5.6100,  6.0000, -0.6940, -0.5670, -0.9328, -0.7519, -0.6248,  0.2387,  0.3658,  0.5147,  0.7177,  0.8467,  0.2030,  0.3320,  1.1936,  1.3226, -2.0830, -2.2121, -1.7038,  0.9906,  1.0127,  0.2436,  0.1414,  0.1406, 4946440858544381125197824.0000, 2622640000000000010325282747462975488.0000, 17446666666666666.0000, 15060000000000000000.0000, 9826000000000000000.0000, -0.1101,  0.4569
 8.0000, 32.0000,  8.8700,  8.7600,  7.5100,  6.0100,  6.0000, -0.5523, -0.4253, -0.8032, -0.6087, -0.4816,  0.2509,  0.3779,  0.5201,  0.6339,  0.7629,  0.1138,  0.2429,  0.9733,  1.1024, -2.5146, -2.6436, -1.6173,  0.8595,  0.9593,  0.3954,  0.1339,  0.1293, 4776359555293925271928832.0000, 2546000000000000102395132555842027520.0000, 17456666666666666.0000, 15120000000000000000.0000, 9883000000000000000.0000,  0.0385,  0.4638
 8.0000, 32.0000,  9.1700,  9.0600,  7.8100,  6.3100,  6.0000, -0.5842, -0.4571, -0.8290, -0.3815, -0.2544,  0.2448,  0.3719,  0.2724,  0.2519,  0.3809, -0.0205,  0.1086,  0.6058,  0.7348, -3.0604, -3.1895, -1.4789,  0.6263,  0.6311,  0.3613,  0.1174,  0.1080, 4625566854297356458786816.0000, 2499769999999999871796226003329613824.0000, 17566666666666666.0000, 15300000000000000000.0000, 10030000000000000000.0000,  0.0180,  0.4751
 8.0000, 100.0000,  7.5700,  7.4600,  6.2100,  4.7100,  6.0000, -1.2355, -1.1085, -1.5395, -0.8567, -0.7297,  0.3040,  0.4310,  0.0815,  0.1039,  0.2329,  0.0224,  0.1514,  1.1831,  1.3121, -1.6899, -1.8190, -1.9602,  1.1607,  0.4648, -0.4305,  0.1438,  0.1470, 3456650290019926018097152.0000, 1212179999999999958665316051321880576.0000, 15180000000000000.0000, 11040000000000000000.0000, 6486000000000000000.0000, -0.6481,  0.4603
 8.0000, 100.0000,  8.1700,  8.0600,  6.8100,  5.3100,  6.0000, -0.7130, -0.5859, -1.1090, -0.7898, -0.6627,  0.3960,  0.5231,  0.5313,  0.4513,  0.5803, -0.0800,  0.0490,  1.1058,  1.2348, -1.9097, -2.0387, -2.0496,  1.1858,  0.8575,  0.0510,  0.1419,  0.1435, 3816093461703262075879424.0000, 1552000000000000146117059413259845632.0000, 15946666666666666.0000, 12260000000000000000.0000, 7476000000000000000.0000, -0.1314,  0.4545
 8.0000, 100.0000,  8.4700,  8.3600,  7.1100,  5.6100,  6.0000, -0.5683, -0.4412, -0.9293, -0.6604, -0.5334,  0.3610,  0.4881,  0.5496,  0.4696,  0.5986, -0.0801,  0.0490,  0.9414,  1.0704, -2.1806, -2.3096, -1.9307,  1.0214,  0.8758,  0.1974,  0.1385,  0.1374, 3245210781375596169527296.0000, 1120660000000000037802182087700119552.0000, 15120000000000000.0000, 10930000000000000000.0000, 6394000000000000000.0000,  0.0163,  0.4575
 8.0000, 100.0000,  8.8700,  8.7600,  7.5100,  6.0100,  6.0000, -0.4954, -0.3683, -0.8748, -0.4518, -0.3248,  0.3794,  0.5065,  0.4233,  0.2881,  0.4171, -0.1352, -0.0061,  0.6961,  0.8251, -2.7015, -2.8305, -1.8300,  0.8312,  0.7213,  0.2992,  0.1273,  0.1217, 3385246432718809037012992.0000, 1279160000000000062898810208896679936.0000, 15560000000000000.0000, 11630000000000000000.0000, 6962000000000000000.0000,  0.0985,  0.4669
 8.0000, 100.0000,  9.1700,  9.0600,  7.8100,  6.3100,  6.0000, -0.6057, -0.4786, -0.9379, -0.1725, -0.0454,  0.3322,  0.4593,  0.0460, -0.2203, -0.0913, -0.2663, -0.1373,  0.2383,  0.3674,    -inf,    -inf, -1.6257,  0.5046,  0.2838,  0.2193,  0.1015,  0.0904, 3122517015511318812164096.0000, 1136569999999999986570908083953860608.0000, 15373333333333334.0000, 11330000000000000000.0000, 6718000000000000000.0000,  0.0006,  0.4792
 8.5000,  1.0000,  7.5700,  7.4600,  6.2100,  4.7100,  6.0000, -1.6669, -1.5398, -1.8452, -0.8888, -0.7617,  0.1783,  0.3053, -0.3180,  0.4278,  0.5569,  0.7458,  0.8748,  1.8128,  1.9419, -1.6074, -1.7364, -1.7708,  1.0670,  0.6112, -0.4741,  0.1442,  0.1476, 4284831223298539351179264.0000, 60403600000000000046105260869176786944.0000, 52033333333333336.0000, 41520000000000000000.0000, 25910000000000000000.0000, -1.0797,  0.4602
 8.5000,  1.0000,  8.1700,  8.0600,  6.8100,  5.3100,  6.0000, -1.1898, -1.0627, -1.4291, -0.8366, -0.7096,  0.2393,  0.3663,  0.1003,  0.7773,  0.9063,  0.6770,  0.8060,  1.7529,  1.8819, -1.8566, -1.9856, -1.7992,  1.0759,  0.9694, -0.0046,  0.1429,  0.1445, 3925058108540355279323136.0000, 54952100000000002759613593175415848960.0000, 51933333333333336.0000, 41310000000000000000.0000, 25730000000000000000.0000, -0.6093,  0.4534
 8.5000,  1.0000,  8.4700,  8.3600,  7.1100,  5.6100,  6.0000, -1.0265, -0.8994, -1.3277, -0.7433, -0.6162,  0.3012,  0.4282,  0.1740,  0.7405,  0.8696,  0.5665,  0.6955,  1.6109,  1.7400, -2.1591, -2.2881, -1.8124,  1.0444,  0.9493,  0.1237,  0.1400,  0.1389, 3668642737139900695445504.0000, 50549200000000001535203036037560401920.0000, 51633333333333336.0000, 40810000000000000000.0000, 25320000000000000000.0000, -0.4422,  0.4572
 8.5000,  1.0000,  8.8700,  8.7600,  7.5100,  6.0100,  6.0000, -0.8774, -0.7503, -1.3558, -0.5113, -0.3842,  0.4785,  0.6055,  0.1045,  0.2831,  0.4122,  0.1786,  0.3077,  1.1684,  1.2974, -2.8619, -2.9910, -2.0417,  0.9897,  0.5860,  0.1515,  0.1249,  0.1188, 3122541657184758302507008.0000, 40506799999999998849427606057525444608.0000, 50633333333333336.0000, 39030000000000000000.0000, 23840000000000000000.0000, -0.2797,  0.4706
 8.5000,  1.0000,  9.1700,  9.0600,  7.8100,  6.3100,  6.0000, -0.6838, -0.5567, -1.2810, -0.1897, -0.0626,  0.5972,  0.7242, -0.0134, -0.6740, -0.5449, -0.6605, -0.5315,  0.1263,  0.2553,    -inf,    -inf, -2.1022,  0.7868,  0.0985,  0.1495,  0.0994,  0.0872, 2492089107375650485829632.0000, 29557699999999998663476126108161671168.0000, 49133333333333336.0000, 36600000000000000000.0000, 21860000000000000000.0000, -0.0760,  0.4807
 8.5000,  3.2000,  7.5700,  7.4600,  6.2100,  4.7100,  6.0000, -1.6094, -1.4823, -1.8300, -0.8915, -0.7644,  0.2206,  0.3477, -0.2608,  0.3960,  0.5250,  0.6568,  0.7858,  1.7689,  1.8979, -1.6274, -1.7565, -1.8918,  1.1121,  0.5909, -0.4562,  0.1439,  0.1475, 3939100417742912803045376.0000, 51464599999999998547853900895313985536.0000, 50733333333333336.0000, 39230000000000000000.0000, 24010000000000000000.0000, -1.0252,  0.4571
 8.5000,  3.2000,  8.1700,  8.0600,  6.8100,  5.3100,  6.0000, -1.1457, -1.0186, -1.4244, -0.8273, -0.7002,  0.2787,  0.4057,  0.1349,  0.7061,  0.8352,  0.5712,  0.7002,  1.6771,  1.8062, -1.9067, -2.0358, -1.9069,  1.1059,  0.9141, -0.0115,  0.1422,  0.1436, 3343918675392010735583232.0000, 39561099999999998649502576033556070400.0000, 49066666666666664.0000, 36530000000000000000.0000, 21810000000000000000.0000, -0.5653,  0.4534
 8.5000,  3.2000,  8.4700,  8.3600,  7.1100,  5.6100,  6.0000, -0.9957, -0.8686, -1.3059, -0.7217, -0.5947,  0.3103,  0.4373,  0.1844,  0.6486,  0.7776,  0.4641,  0.5932,  1.4961,  1.6252, -2.2261, -2.3552, -1.8867,  1.0320,  0.8763,  0.1031,  0.1385,  0.1372, 2905248943111313108762624.0000, 30857799999999998815981733281531953152.0000, 47366666666666664.0000, 33910000000000000000.0000, 19700000000000000000.0000, -0.4103,  0.4584
 8.5000,  3.2000,  8.8700,  8.7600,  7.5100,  6.0100,  6.0000, -0.8572, -0.7301, -1.2516, -0.4087, -0.2816,  0.3944,  0.5215,  0.0240,  0.1405,  0.2695,  0.1165,  0.2455,  0.9196,  1.0486, -2.9766, -3.1056, -2.0499,  0.8031,  0.4649,  0.1011,  0.1185,  0.1121, 2293783331186396905865216.0000, 20317899999999998985687307062190538752.0000, 44566666666666664.0000, 30100000000000000000.0000, 16730000000000000000.0000, -0.2576,  0.4725
 8.5000,  3.2000,  9.1700,  9.0600,  7.8100,  6.3100,  6.0000, -0.9062, -0.7791, -1.2658, -0.0280,  0.0991,  0.3596,  0.4867, -0.3896, -0.8577, -0.7287, -0.4682, -0.3391, -0.0806,  0.0485,    -inf,    -inf, -1.8141,  0.3876, -0.2258, -0.0720,  0.0681,  0.0516, 1824757398901819998994432.0000, 13294799999999999825454801420317360128.0000, 41766666666666664.0000, 26670000000000000000.0000, 14140000000000000000.0000, -0.2905,  0.4887
 8.5000, 10.0000,  7.5700,  7.4600,  6.2100,  4.7100,  6.0000, -1.5734, -1.4463, -1.7528, -0.8774, -0.7503,  0.1794,  0.3065, -0.2366,  0.3716,  0.5007,  0.6083,  0.7373,  1.6651,  1.7941, -1.6353, -1.7643, -1.7961,  1.0568,  0.5737, -0.4601,  0.1441,  0.1473, 2540298142331792196108288.0000, 19299800000000000373125024741802901504.0000, 42366666666666664.0000, 27360000000000000000.0000, 14650000000000000000.0000, -0.9869,  0.4593
 8.5000, 10.0000,  8.1700,  8.0600,  6.8100,  5.3100,  6.0000, -1.0597, -0.9327, -1.3117, -0.8227, -0.6957,  0.2519,  0.3790,  0.2171,  0.6903,  0.8193,  0.4731,  0.6022,  1.5478,  1.6769, -1.8998, -2.0288, -1.8417,  1.0747,  0.9162,  0.0087,  0.1422,  0.1435, 1984572682674928806264832.0000, 11347299999999999719597712601543344128.0000, 38533333333333336.0000, 23150000000000000000.0000, 11590000000000000000.0000, -0.4786,  0.4541
 8.5000, 10.0000,  8.4700,  8.3600,  7.1100,  5.6100,  6.0000, -0.9117, -0.7846, -1.0805, -0.7548, -0.6278,  0.1688,  0.2959,  0.3004,  0.8211,  0.9501,  0.5207,  0.6497,  1.4444,  1.5734, -2.0739, -2.2029, -1.5970,  0.9237,  1.0379,  0.1785,  0.1402,  0.1400, 1687788778877887767904256.0000, 7728279999999999735057607684559732736.0000, 35783333333333332.0000, 20470000000000000000.0000, 9735000000000000000.0000, -0.3274,  0.4572
 8.5000, 10.0000,  8.8700,  8.7600,  7.5100,  6.0100,  6.0000, -0.7363, -0.6093, -0.8942, -0.6225, -0.4954,  0.1578,  0.2849,  0.3504,  0.7767,  0.9058,  0.4264,  0.5554,  1.2067,  1.3357, -2.4536, -2.5826, -1.4529,  0.7803,  1.0124,  0.3310,  0.1294,  0.1256, 1455727973736448062914560.0000, 5880030000000000445399547761704042496.0000, 34310000000000000.0000, 19140000000000000000.0000, 8847000000000000000.0000, -0.1450,  0.4642
 8.5000, 10.0000,  9.1700,  9.0600,  7.8100,  6.3100,  6.0000, -0.6578, -0.5307, -0.7998, -0.4640, -0.3369,  0.1420,  0.2691,  0.2794,  0.5853,  0.7143,  0.3059,  0.4349,  0.9119,  1.0409, -2.8019, -2.9309, -1.3309,  0.6060,  0.8502,  0.3820,  0.1008,  0.0912, 1264253206245295857336320.0000, 4497280000000000202016716278653255680.0000, 32883333333333332.0000, 17910000000000000000.0000, 8045000000000000000.0000, -0.0575,  0.4732
 8.5000, 32.0000,  7.5700,  7.4600,  6.2100,  4.7100,  6.0000, -1.4560, -1.3289, -1.6127, -0.8520, -0.7249,  0.1567,  0.2837, -0.1372,  0.3062,  0.4352,  0.4434,  0.5724,  1.4520,  1.5810, -1.6366, -1.7656, -1.6521,  1.0086,  0.5382, -0.4522,  0.1446,  0.1471, 1379903056138059223400448.0000, 3132860000000000164983446775613358080.0000, 28323333333333332.0000, 14320000000000000000.0000, 5823000000000000000.0000, -0.8621,  0.4668
 8.5000, 32.0000,  8.1700,  8.0600,  6.8100,  5.3100,  6.0000, -0.9134, -0.7863, -1.1702, -0.8239, -0.6968,  0.2568,  0.3839,  0.3655,  0.6629,  0.7920,  0.2974,  0.4265,  1.3782,  1.5072, -1.8689, -1.9980, -1.8146,  1.0807,  0.9301,  0.0484,  0.1420,  0.1431, 1242804465623103539511296.0000, 2581859999999999854283189890429485056.0000, 27486666666666668.0000, 13720000000000000000.0000, 5474000000000000000.0000, -0.3313,  0.4549
 8.5000, 32.0000,  8.4700,  8.3600,  7.1100,  5.6100,  6.0000, -0.7734, -0.6463, -1.0050, -0.7550, -0.6279,  0.2317,  0.3587,  0.4383,  0.7642,  0.8933,  0.3260,  0.4550,  1.3126,  1.4417, -2.0795, -2.2086, -1.6837,  0.9867,  1.0239,  0.2184,  0.1385,  0.1374, 1206670105017917884071936.0000, 2540950000000000063095946993727438848.0000, 27616666666666668.0000, 13810000000000000000.0000, 5525000000000000000.0000, -0.1897,  0.4566
 8.5000, 32.0000,  8.8700,  8.7600,  7.5100,  6.0100,  6.0000, -0.6381, -0.5110, -0.8851, -0.6187, -0.4916,  0.2470,  0.3741,  0.4443,  0.6873,  0.8163,  0.2430,  0.3720,  1.1087,  1.2377, -2.5128, -2.6418, -1.6066,  0.8657,  0.9700,  0.3687,  0.1215,  0.1151, 1127330711682332653256704.0000, 2393750000000000074796621807176646656.0000, 27676666666666668.0000, 13860000000000000000.0000, 5557000000000000000.0000, -0.0473,  0.4637
 8.5000, 32.0000,  9.1700,  9.0600,  7.8100,  6.3100,  6.0000, -0.6342, -0.5071, -0.8904, -0.4030, -0.2759,  0.2563,  0.3833,  0.2432,  0.3487,  0.4777,  0.1055,  0.2345,  0.7648,  0.8938, -3.0190, -3.1480, -1.4876,  0.6593,  0.6771,  0.3567,  0.0789,  0.0635, 1055069661817958538674176.0000, 2289149999999999856937972902664339456.0000, 27896666666666668.0000, 14010000000000000000.0000, 5641000000000000000.0000, -0.0328,  0.4743
 8.5000, 100.0000,  7.5700,  7.4600,  6.2100,  4.7100,  6.0000, -1.2669, -1.1399, -1.5683, -0.8567, -0.7296,  0.3013,  0.4284,  0.0494,  0.1612,  0.2903,  0.1118,  0.2409,  1.2698,  1.3989, -1.6658, -1.7948, -1.9529,  1.1580,  0.4873, -0.4309,  0.1437,  0.1468, 1061863522243222588882944.0000, 1207329999999999936994944555889459200.0000, 22473333333333332.0000, 10390000000000000000.0000, 3648000000000000000.0000, -0.6802,  0.4596
 8.5000, 100.0000,  8.1700,  8.0600,  6.8100,  5.3100,  6.0000, -0.7687, -0.6416, -1.1641, -0.7909, -0.6638,  0.3954,  0.5224,  0.4762,  0.5164,  0.6454,  0.0402,  0.1692,  1.2264,  1.3554, -1.9056, -2.0346, -2.0405,  1.1862,  0.8701,  0.0422,  0.1408,  0.1422, 1085159033774183007911936.0000, 1529400000000000072522453543968309248.0000, 24153333333333332.0000, 11450000000000000000.0000, 4204000000000000000.0000, -0.1876,  0.4541
 8.5000, 100.0000,  8.4700,  8.3600,  7.1100,  5.6100,  6.0000, -0.6306, -0.5035, -0.9948, -0.6621, -0.5350,  0.3642,  0.4913,  0.4890,  0.5277,  0.6568,  0.0387,  0.1678,  1.0651,  1.1941, -2.1859, -2.3150, -1.9217,  1.0263,  0.8820,  0.1810,  0.1348,  0.1332, 983793500678173845618688.0000, 1094279999999999970443081314371371008.0000, 22313333333333332.0000, 10290000000000000000.0000, 3596000000000000000.0000, -0.0460,  0.4575
 8.5000, 100.0000,  8.8700,  8.7600,  7.5100,  6.0100,  6.0000, -0.5660, -0.4389, -0.9582, -0.4590, -0.3319,  0.3922,  0.5193,  0.3600,  0.3506,  0.4796, -0.0094,  0.1196,  0.8418,  0.9708, -2.7185, -2.8475, -1.8267,  0.8512,  0.7250,  0.2768,  0.1111,  0.1034, 959151614286711591272448.0000, 1214230000000000028680195792556785664.0000, 23316666666666668.0000, 10910000000000000000.0000, 3915000000000000000.0000,  0.0281,  0.4670
 8.5000, 100.0000,  9.1700,  9.0600,  7.8100,  6.3100,  6.0000, -0.6168, -0.4898, -0.9910, -0.1997, -0.0727,  0.3742,  0.5013,  0.0612, -0.0881,  0.0410, -0.1493, -0.0202,  0.4247,  0.5537,    -inf,    -inf, -1.6551,  0.5739,  0.3522,  0.2315,  0.0395,  0.0211, 876077867433623507959808.0000, 1050739999999999954815631070282645504.0000, 22873333333333332.0000, 10640000000000000000.0000, 3778000000000000000.0000, -0.0115,  0.4783
 9.0000,  1.0000,  7.5700,  7.4600,  6.2100,  4.7100,  6.0000, -1.7022, -1.5751, -1.8776, -0.8864, -0.7593,  0.1754,  0.3024, -0.3564,  0.4538,  0.5828,  0.8102,  0.9393,  1.8720,  2.0010, -1.5907, -1.7197, -1.7563,  1.0618,  0.6301, -0.4943,  0.1440,  0.1473, 1167557932263814564151296.0000, 59630599999999997876295700727956766720.0000, 79933333333333328.0000, 38550000000000000000.0000, 14570000000000000000.0000, -1.1158,  0.4593
 9.0000,  1.0000,  8.1700,  8.0600,  6.8100,  5.3100,  6.0000, -1.2471, -1.1200, -1.4797, -0.8361, -0.7090,  0.2326,  0.3597,  0.0421,  0.7986,  0.9276,  0.7565,  0.8856,  1.8252,  1.9543, -1.8481, -1.9771, -1.7753,  1.0687,  0.9808, -0.0347,  0.1420,  0.1435, 1038627615633485135347712.0000, 52501900000000001213965575052012290048.0000, 79666666666666672.0000, 38370000000000000000.0000, 14470000000000000000.0000, -0.6669,  0.4531
 9.0000,  1.0000,  8.4700,  8.3600,  7.1100,  5.6100,  6.0000, -1.0999, -0.9728, -1.3924, -0.7491, -0.6221,  0.2925,  0.4196,  0.1062,  0.7700,  0.8991,  0.6638,  0.7928,  1.7055,  1.8345, -2.1477, -2.2767, -1.7844,  1.0417,  0.9639,  0.0935,  0.1378,  0.1364, 940913225728299456528384.0000, 46441899999999996556241246341312806912.0000, 79033333333333328.0000, 37950000000000000000.0000, 14240000000000000000.0000, -0.5158,  0.4570
 9.0000,  1.0000,  8.8700,  8.7600,  7.5100,  6.0100,  6.0000, -0.9599, -0.8328, -1.4421, -0.5374, -0.4104,  0.4822,  0.6092,  0.0478,  0.3505,  0.4795,  0.3027,  0.4317,  1.3223,  1.4513, -2.8394, -2.9684, -2.0102,  1.0196,  0.6163,  0.1381,  0.1123,  0.1042, 765069388043363081519104.0000, 34533700000000000449470439718301728768.0000, 76700000000000000.0000, 36420000000000000000.0000, 13410000000000000000.0000, -0.3626,  0.4703
 9.0000,  1.0000,  9.1700,  9.0600,  7.8100,  6.3100,  6.0000, -0.6871, -0.5600, -1.3442, -0.2742, -0.1472,  0.6571,  0.7842,  0.0670, -0.5179, -0.3889, -0.5849, -0.4559,  0.3464,  0.4755,    -inf,    -inf, -2.1922,  0.9314,  0.1974,  0.1801,  0.0501,  0.0334, 600365980687480576278528.0000, 23776899999999997955222871931069923328.0000, 73433333333333328.0000, 34320000000000000000.0000, 12290000000000000000.0000, -0.0801,  0.4799
 9.0000,  3.2000,  7.5700,  7.4600,  6.2100,  4.7100,  6.0000, -1.6470, -1.5199, -1.8647, -0.8898, -0.7627,  0.2177,  0.3448, -0.3009,  0.4227,  0.5517,  0.7236,  0.8526,  1.8311,  1.9601, -1.6117, -1.7408, -1.8766,  1.1075,  0.6088, -0.4720,  0.1437,  0.1472, 1115142803674312835334144.0000, 50866199999999995387290283513544179712.0000, 77000000000000000.0000, 36600000000000000000.0000, 13500000000000000000.0000, -1.0636,  0.4563
 9.0000,  3.2000,  8.1700,  8.0600,  6.8100,  5.3100,  6.0000, -1.2007, -1.0736, -1.4745, -0.8280, -0.7009,  0.2738,  0.4009,  0.0804,  0.7279,  0.8570,  0.6475,  0.7765,  1.7493,  1.8783, -1.8996, -2.0287, -1.8838,  1.1018,  0.9242, -0.0348,  0.1412,  0.1425, 962360016140719129362432.0000, 37974599999999998044959260436959592448.0000, 73366666666666672.0000, 34270000000000000000.0000, 12260000000000000000.0000, -0.6205,  0.4531
 9.0000,  3.2000,  8.4700,  8.3600,  7.1100,  5.6100,  6.0000, -1.0609, -0.9339, -1.3673, -0.7292, -0.6021,  0.3064,  0.4334,  0.1264,  0.6784,  0.8074,  0.5520,  0.6810,  1.5875,  1.7166, -2.2163, -2.3453, -1.8612,  1.0355,  0.8896,  0.0803,  0.1355,  0.1338, 846924827046138032947200.0000, 28637699999999999031753248871572045824.0000, 69666666666666664.0000, 31980000000000000000.0000, 11080000000000000000.0000, -0.4757,  0.4581
 9.0000,  3.2000,  8.8700,  8.7600,  7.5100,  6.0100,  6.0000, -0.9130, -0.7860, -1.3296, -0.4341, -0.3070,  0.4166,  0.5436, -0.0070,  0.2161,  0.3451,  0.2230,  0.3521,  1.0737,  1.2027, -2.9416, -3.0706, -2.0432,  0.8507,  0.5048,  0.0975,  0.0964,  0.0875, 679347380503402420109312.0000, 17825199999999999523087427061044740096.0000, 64010000000000000.0000, 28610000000000000000.0000, 9407000000000000000.0000, -0.3140,  0.4719
 9.0000,  3.2000,  9.1700,  9.0600,  7.8100,  6.3100,  6.0000, -0.8358, -0.7087, -1.2685, -0.0835,  0.0435,  0.4327,  0.5598, -0.2676, -0.5149, -0.3859, -0.2473, -0.1182,  0.2690,  0.3980,    -inf,    -inf, -1.8841,  0.5162, -0.0217,  0.0295, -0.0223, -0.0494, 566450462045645607796736.0000, 11400999999999999804354782930898255872.0000, 58596666666666664.0000, 25530000000000000000.0000, 7951000000000000000.0000, -0.2241,  0.4846
 9.0000, 10.0000,  7.5700,  7.4600,  6.2100,  4.7100,  6.0000, -1.5960, -1.4689, -1.7741, -0.8761, -0.7491,  0.1781,  0.3052, -0.2610,  0.3914,  0.5204,  0.6524,  0.7815,  1.7067,  1.8357, -1.6230, -1.7520, -1.7868,  1.0543,  0.5869, -0.4719,  0.1439,  0.1471, 899294958241654329311232.0000, 19147299999999998958431434955277991936.0000, 59706666666666664.0000, 26150000000000000000.0000, 8238000000000000000.0000, -1.0101,  0.4588
 9.0000, 10.0000,  8.1700,  8.0600,  6.8100,  5.3100,  6.0000, -1.0935, -0.9664, -1.3428, -0.8235, -0.6965,  0.2493,  0.3764,  0.1840,  0.7072,  0.8362,  0.5232,  0.6523,  1.5961,  1.7251, -1.8947, -2.0237, -1.8293,  1.0729,  0.9236, -0.0061,  0.1409,  0.1420, 756143829930012217180160.0000, 11055900000000001040448941356409159680.0000, 52673333333333336.0000, 22320000000000000000.0000, 6518000000000000000.0000, -0.5125,  0.4539
 9.0000, 10.0000,  8.4700,  8.3600,  7.1100,  5.6100,  6.0000, -0.9469, -0.8199, -1.1144, -0.7577, -0.6307,  0.1675,  0.2946,  0.2678,  0.8399,  0.9689,  0.5721,  0.7011,  1.4973,  1.6264, -2.0652, -2.1943, -1.5903,  0.9252,  1.0478,  0.1594,  0.1362,  0.1356, 674153521862739006324736.0000, 7410890000000000189133090964455292928.0000, 47916666666666664.0000, 19850000000000000000.0000, 5475000000000000000.0000, -0.3629,  0.4570
 9.0000, 10.0000,  8.8700,  8.7600,  7.5100,  6.0100,  6.0000, -0.7708, -0.6437, -0.9338, -0.6281, -0.5011,  0.1630,  0.2901,  0.3208,  0.8204,  0.9494,  0.4996,  0.6286,  1.2907,  1.4197, -2.4277, -2.5567, -1.4555,  0.7911,  1.0412,  0.3188,  0.1094,  0.1028, 580883333650896344055808.0000, 5450929999999999590054091409055547392.0000, 45450000000000000.0000, 18610000000000000000.0000, 4975000000000000000.0000, -0.1803,  0.4635
 9.0000, 10.0000,  9.1700,  9.0600,  7.8100,  6.3100,  6.0000, -0.6495, -0.5224, -0.8154, -0.4672, -0.3401,  0.1660,  0.2930,  0.2883,  0.7103,  0.8393,  0.4220,  0.5510,  1.0552,  1.1842, -2.7455, -2.8745, -1.3397,  0.6332,  0.9469,  0.4147,  0.0372,  0.0188, 512343913830902646439936.0000, 4103030000000000094202357757968908288.0000, 43120000000000000.0000, 17460000000000000000.0000, 4524000000000000000.0000, -0.0518,  0.4706
 9.0000, 32.0000,  7.5700,  7.4600,  6.2100,  4.7100,  6.0000, -1.4655, -1.3384, -1.6215, -0.8514, -0.7243,  0.1560,  0.2831, -0.1476,  0.3191,  0.4481,  0.4667,  0.5957,  1.4740,  1.6031, -1.6274, -1.7565, -1.6488,  1.0074,  0.5463, -0.4578,  0.1444,  0.1469, 674023062261996170772480.0000, 3122349999999999806748985041719656448.0000, 35916666666666668.0000, 14050000000000000000.0000, 3275000000000000000.0000, -0.8719,  0.4665
 9.0000, 32.0000,  8.1700,  8.0600,  6.8100,  5.3100,  6.0000, -0.9356, -0.8085, -1.1913, -0.8250, -0.6979,  0.2557,  0.3827,  0.3441,  0.6785,  0.8075,  0.3344,  0.4634,  1.4150,  1.5441, -1.8654, -1.9945, -1.8096,  1.0806,  0.9359,  0.0402,  0.1399,  0.1408, 611297119069139659390976.0000, 2546480000000000026645124244138098688.0000, 34673333333333332.0000, 13480000000000000000.0000, 3078000000000000000.0000, -0.3538,  0.4547
 9.0000, 32.0000,  8.4700,  8.3600,  7.1100,  5.6100,  6.0000, -0.8061, -0.6791, -1.0374, -0.7580, -0.6310,  0.2313,  0.3583,  0.4083,  0.7848,  0.9138,  0.3764,  0.5055,  1.3657,  1.4948, -2.0740, -2.2030, -1.6801,  0.9893,  1.0318,  0.2066,  0.1321,  0.1301, 584205213942382510211072.0000, 2473239999999999975682955417084755968.0000, 34843333333333332.0000, 13560000000000000000.0000, 3107000000000000000.0000, -0.2226,  0.4564
 9.0000, 32.0000,  8.8700,  8.7600,  7.5100,  6.0100,  6.0000, -0.6678, -0.5407, -0.9249, -0.6239, -0.4969,  0.2571,  0.3841,  0.4190,  0.7369,  0.8659,  0.3178,  0.4469,  1.1988,  1.3279, -2.4860, -2.6150, -1.6102,  0.8810,  0.9986,  0.3671,  0.0892,  0.0779, 530898203592814380449792.0000, 2270050000000000018060636905472524288.0000, 34983333333333332.0000, 13620000000000000000.0000, 3125000000000000000.0000, -0.0778,  0.4629
 9.0000, 32.0000,  9.1700,  9.0600,  7.8100,  6.3100,  6.0000, -0.6038, -0.4768, -0.8991, -0.4144, -0.2874,  0.2953,  0.4224,  0.2819,  0.5170,  0.6460,  0.2351,  0.3641,  0.9448,  1.0739, -2.9185, -3.0475, -1.5059,  0.7097,  0.8021,  0.4142, -0.0110, -0.0385, 485047322781013929623552.0000, 2128120000000000132724378531289628672.0000, 35260000000000000.0000, 13750000000000000000.0000, 3172000000000000000.0000, -0.0055,  0.4713
 9.0000, 100.0000,  7.5700,  7.4600,  6.2100,  4.7100,  6.0000, -1.2743, -1.1472, -1.5752, -0.8566, -0.7296,  0.3009,  0.4280,  0.0418,  0.1747,  0.3038,  0.1330,  0.2620,  1.2905,  1.4196, -1.6584, -1.7874, -1.9510,  1.1575,  0.4933, -0.4324,  0.1434,  0.1465, 586089647003843296231424.0000, 1204610000000000021905768946300092416.0000, 27396666666666668.0000, 10270000000000000000.0000, 2051000000000000000.0000, -0.6878,  0.4594
 9.0000, 100.0000,  8.1700,  8.0600,  6.8100,  5.3100,  6.0000, -0.7870, -0.6599, -1.1836, -0.7919, -0.6648,  0.3966,  0.5237,  0.4588,  0.5351,  0.6641,  0.0763,  0.2053,  1.2648,  1.3938, -1.9035, -2.0325, -2.0391,  1.1885,  0.8745,  0.0378,  0.1389,  0.1402, 573880698134897522376704.0000, 1513130000000000032992281191816101888.0000, 29753333333333332.0000, 11290000000000000000.0000, 2364000000000000000.0000, -0.2060,  0.4539
 9.0000, 100.0000,  8.4700,  8.3600,  7.1100,  5.6100,  6.0000, -0.6556, -0.5286, -1.0256, -0.6641, -0.5370,  0.3700,  0.4971,  0.4658,  0.5517,  0.6807,  0.0859,  0.2149,  1.1200,  1.2490, -2.1834, -2.3125, -1.9229,  1.0341,  0.8875,  0.1742,  0.1280,  0.1256, 535962306192553996713984.0000, 1074070000000000011589734358642065408.0000, 27160000000000000.0000, 10170000000000000000.0000, 2022000000000000000.0000, -0.0712,  0.4573
 9.0000, 100.0000,  8.8700,  8.7600,  7.5100,  6.0100,  6.0000, -0.5822, -0.4552, -0.9968, -0.4644, -0.3374,  0.4145,  0.5416,  0.3485,  0.4090,  0.5380,  0.0605,  0.1895,  0.9395,  1.0685, -2.6917, -2.8208, -1.8351,  0.8790,  0.7545,  0.2811,  0.0747,  0.0625, 500037332563452810493952.0000, 1163740000000000027640755237387501568.0000, 28560000000000000.0000, 10770000000000000000.0000, 2202000000000000000.0000,  0.0111,  0.4663
 9.0000, 100.0000,  9.1700,  9.0600,  7.8100,  6.3100,  6.0000, -0.5407, -0.4136, -0.9919, -0.2174, -0.0903,  0.4512,  0.5783,  0.1507,  0.1732,  0.3022,  0.0224,  0.1515,  0.6910,  0.8201, -3.1261, -3.2551, -1.6844,  0.6686,  0.5341,  0.3256, -0.0875, -0.1187, 449786127963239393263616.0000, 983302999999999957136379597067124736.0000, 27953333333333332.0000, 10510000000000000000.0000, 2124000000000000000.0000,  0.0604,  0.4740
 9.5000,  1.0000,  7.5700,  7.4600,  6.2100,  4.7100,  6.0000, -1.7100, -1.5829, -1.8846, -0.8858, -0.7587,  0.1746,  0.3017, -0.3650,  0.4599,  0.5890,  0.8250,  0.9540,  1.8854,  2.0144, -1.5864, -1.7154, -1.7524,  1.0604,  0.6347, -0.5010,  0.1438,  0.1471, 604677425657457714135040.0000, 59132000000000000413457298237383770112.0000, 99256666666666672.0000, 37970000000000000000.0000, 8193000000000000000.0000, -1.1238,  0.4591
 9.5000,  1.0000,  8.1700,  8.0600,  6.8100,  5.3100,  6.0000, -1.2633, -1.1363, -1.4933, -0.8366, -0.7095,  0.2300,  0.3571,  0.0262,  0.8067,  0.9357,  0.7804,  0.9095,  1.8470,  1.9761, -1.8436, -1.9726, -1.7672,  1.0666,  0.9861, -0.0454,  0.1407,  0.1421, 524583251701491524698112.0000, 50682299999999997550552846614004760576.0000, 98846666666666672.0000, 37790000000000000000.0000, 8136000000000000000.0000, -0.6833,  0.4530
 9.5000,  1.0000,  8.4700,  8.3600,  7.1100,  5.6100,  6.0000, -1.1251, -0.9981, -1.4136, -0.7534, -0.6263,  0.2885,  0.4156,  0.0850,  0.7875,  0.9166,  0.7026,  0.8316,  1.7444,  1.8735, -2.1367, -2.2657, -1.7729,  1.0419,  0.9763,  0.0827,  0.1337,  0.1318, 460792903296462582972416.0000, 43291399999999997994478984303407529984.0000, 97946666666666672.0000, 37390000000000000000.0000, 8006000000000000000.0000, -0.5413,  0.4567
 9.5000,  1.0000,  8.8700,  8.7600,  7.5100,  6.0100,  6.0000, -0.9828, -0.8557, -1.4708, -0.5578, -0.4307,  0.4880,  0.6151,  0.0440,  0.4324,  0.5615,  0.3885,  0.5175,  1.4343,  1.5633, -2.7856, -2.9146, -1.9905,  1.0458,  0.6767,  0.1547,  0.0833,  0.0707, 355088858664284345860096.0000, 30048599999999998620445167709514104832.0000, 94600000000000000.0000, 35920000000000000000.0000, 7540000000000000000.0000, -0.3868,  0.4689
 9.5000,  1.0000,  9.1700,  9.0600,  7.8100,  6.3100,  6.0000, -0.6397, -0.5126, -1.3539, -0.3372, -0.2101,  0.7142,  0.8412,  0.1738, -0.2448, -0.1158, -0.4186, -0.2896,  0.6328,  0.7618,    -inf,    -inf, -2.2500,  1.0514,  0.3537,  0.2647, -0.0478, -0.0725, 276522326346029321945088.0000, 20098400000000000077056302548695121920.0000, 89926666666666672.0000, 33890000000000000000.0000, 6912000000000000000.0000, -0.0363,  0.4763
 9.5000,  3.2000,  7.5700,  7.4600,  6.2100,  4.7100,  6.0000, -1.6565, -1.5295, -1.8734, -0.8893, -0.7622,  0.2169,  0.3439, -0.3111,  0.4294,  0.5585,  0.7405,  0.8696,  1.8467,  1.9757, -1.6074, -1.7364, -1.8720,  1.1062,  0.6135, -0.4786,  0.1435,  0.1470, 589139450286159941337088.0000, 50469300000000004601307568790868852736.0000, 94990000000000000.0000, 36090000000000000000.0000, 7593000000000000000.0000, -1.0733,  0.4561
 9.5000,  3.2000,  8.1700,  8.0600,  6.8100,  5.3100,  6.0000, -1.2179, -1.0908, -1.4894, -0.8292, -0.7021,  0.2716,  0.3986,  0.0643,  0.7365,  0.8655,  0.6722,  0.8012,  1.7729,  1.9020, -1.8954, -2.0245, -1.8753,  1.1008,  0.9293, -0.0437,  0.1398,  0.1410, 508666210017948022603776.0000, 36815500000000002204200177842314543104.0000, 89780000000000000.0000, 33830000000000000000.0000, 6896000000000000000.0000, -0.6378,  0.4530
 9.5000,  3.2000,  8.4700,  8.3600,  7.1100,  5.6100,  6.0000, -1.0883, -0.9612, -1.3929, -0.7347, -0.6077,  0.3047,  0.4317,  0.1043,  0.6979,  0.8270,  0.5936,  0.7227,  1.6330,  1.7621, -2.2051, -2.3341, -1.8502,  1.0394,  0.9023,  0.0723,  0.1295,  0.1270, 444812959390886344523776.0000, 26936999999999999724351450604541837312.0000, 84596666666666672.0000, 31610000000000000000.0000, 6231000000000000000.0000, -0.5034,  0.4579
 9.5000,  3.2000,  8.8700,  8.7600,  7.5100,  6.0100,  6.0000, -0.9194, -0.7923, -1.3631, -0.4545, -0.3274,  0.4437,  0.5708,  0.0052,  0.3269,  0.4560,  0.3217,  0.4508,  1.2199,  1.3490, -2.8652, -2.9942, -2.0394,  0.8982,  0.5876,  0.1295,  0.0447,  0.0301, 352356071552127674089472.0000, 15964399999999999606836630370331394048.0000, 76800000000000000.0000, 28330000000000000000.0000, 5290000000000000000.0000, -0.3222,  0.4701
 9.5000,  3.2000,  9.1700,  9.0600,  7.8100,  6.3100,  6.0000, -0.7238, -0.5967, -1.2607, -0.1184,  0.0087,  0.5369,  0.6640, -0.1276, -0.0948,  0.0343,  0.0328,  0.1618,  0.6881,  0.8171,    -inf,    -inf, -1.9221,  0.6553,  0.2619,  0.1870, -0.1541, -0.1934, 297819191559453235216384.0000, 9995050000000000467508571506244321280.0000, 69496666666666664.0000, 25320000000000000000.0000, 4471000000000000000.0000, -0.1189,  0.4778
 9.5000, 10.0000,  7.5700,  7.4600,  6.2100,  4.7100,  6.0000, -1.6017, -1.4746, -1.7794, -0.8759, -0.7489,  0.1777,  0.3048, -0.2670,  0.3963,  0.5253,  0.6634,  0.7924,  1.7170,  1.8460, -1.6198, -1.7488, -1.7844,  1.0537,  0.5903, -0.4760,  0.1437,  0.1468, 532854484672637791371264.0000, 19053299999999999232178073815891312640.0000, 70993333333333336.0000, 25930000000000000000.0000, 4632000000000000000.0000, -1.0159,  0.4587
 9.5000, 10.0000,  8.1700,  8.0600,  6.8100,  5.3100,  6.0000, -1.1095, -0.9824, -1.3579, -0.8250, -0.6979,  0.2485,  0.3755,  0.1693,  0.7156,  0.8447,  0.5464,  0.6754,  1.6198,  1.7488, -1.8915, -2.0205, -1.8257,  1.0734,  0.9279, -0.0120,  0.1386,  0.1395, 462291613813150073225216.0000, 10847700000000000250153856111766142976.0000, 61683333333333336.0000, 22170000000000000000.0000, 3665000000000000000.0000, -0.5286,  0.4538
 9.5000, 10.0000,  8.4700,  8.3600,  7.1100,  5.6100,  6.0000, -0.9731, -0.8461, -1.1414, -0.7602, -0.6331,  0.1683,  0.2954,  0.2438,  0.8556,  0.9846,  0.6118,  0.7409,  1.5403,  1.6693, -2.0567, -2.1857, -1.5894,  0.9285,  1.0571,  0.1503,  0.1282,  0.1266, 419440583584904017608704.0000, 7173520000000000509645591206644678656.0000, 55503333333333336.0000, 19730000000000000000.0000, 3079000000000000000.0000, -0.3893,  0.4567
 9.5000, 10.0000,  8.8700,  8.7600,  7.5100,  6.0100,  6.0000, -0.7917, -0.6646, -0.9720, -0.6267, -0.4996,  0.1803,  0.3074,  0.2972,  0.8760,  1.0050,  0.5787,  0.7078,  1.3857,  1.5147, -2.3912, -2.5202, -1.4587,  0.8070,  1.0827,  0.3224,  0.0625,  0.0497, 357576391198973599154176.0000, 5137059999999999882160053975592730624.0000, 52373333333333336.0000, 18510000000000000000.0000, 2798000000000000000.0000, -0.2024,  0.4623
 9.5000, 10.0000,  9.1700,  9.0600,  7.8100,  6.3100,  6.0000, -0.6227, -0.4956, -0.8400, -0.4545, -0.3275,  0.2174,  0.3445,  0.2993,  0.8498,  0.9788,  0.5505,  0.6795,  1.2224,  1.3514, -2.6651, -2.7942, -1.3302,  0.6719,  1.0613,  0.4647, -0.0720, -0.1042, 317758069918463460114432.0000, 3836449999999999957712783223084285952.0000, 49420000000000000.0000, 17370000000000000000.0000, 2544000000000000000.0000, -0.0282,  0.4674
 9.5000, 32.0000,  7.5700,  7.4600,  6.2100,  4.7100,  6.0000, -1.4691, -1.3420, -1.6249, -0.8515, -0.7244,  0.1558,  0.2829, -0.1512,  0.3228,  0.4518,  0.4740,  0.6030,  1.4812,  1.6103, -1.6251, -1.7541, -1.6482,  1.0073,  0.5486, -0.4597,  0.1440,  0.1465, 468141018295710569725952.0000, 3116419999999999807942179657944662016.0000, 40530000000000000.0000, 14000000000000000000.0000, 1841000000000000000.0000, -0.8756,  0.4665
 9.5000, 32.0000,  8.1700,  8.0600,  6.8100,  5.3100,  6.0000, -0.9538, -0.8267, -1.2100, -0.8271, -0.7000,  0.2562,  0.3833,  0.3279,  0.6901,  0.8191,  0.3622,  0.4912,  1.4455,  1.5745, -1.8629, -1.9919, -1.8101,  1.0833,  0.9406,  0.0359,  0.1360,  0.1365, 424649453384939249598464.0000, 2520670000000000016906841190337347584.0000, 38996666666666664.0000, 13430000000000000000.0000, 1731000000000000000.0000, -0.3722,  0.4545
 9.5000, 32.0000,  8.4700,  8.3600,  7.1100,  5.6100,  6.0000, -0.8381, -0.7111, -1.0729, -0.7606, -0.6335,  0.2348,  0.3619,  0.3786,  0.8060,  0.9350,  0.4274,  0.5564,  1.4228,  1.5518, -2.0663, -2.1953, -1.6813,  0.9954,  1.0414,  0.1995,  0.1181,  0.1144, 400619463517022999019520.0000, 2419800000000000046659900705125433344.0000, 39243333333333336.0000, 13520000000000000000.0000, 1747000000000000000.0000, -0.2550,  0.4561
 9.5000, 32.0000,  8.8700,  8.7600,  7.5100,  6.0100,  6.0000, -0.6825, -0.5554, -0.9695, -0.6211, -0.4940,  0.2870,  0.4141,  0.4002,  0.8055,  0.9345,  0.4053,  0.5343,  1.3134,  1.4424, -2.4382, -2.5672, -1.6125,  0.9081,  1.0459,  0.3815,  0.0143, -0.0071, 356370405106659891347456.0000, 2175790000000000136073260148690255872.0000, 39376666666666664.0000, 13570000000000000000.0000, 1757000000000000000.0000, -0.0938,  0.4616
 9.5000, 32.0000,  9.1700,  9.0600,  7.8100,  6.3100,  6.0000, -0.5574, -0.4303, -0.9333, -0.4006, -0.2736,  0.3759,  0.5029,  0.3109,  0.6924,  0.8214,  0.3814,  0.5105,  1.1579,  1.2870, -2.7909, -2.9199, -1.4920,  0.7765,  0.9382,  0.4856, -0.1406, -0.1827, 321188525216310740647936.0000, 2016280000000000073602004397135495168.0000, 39753333333333336.0000, 13710000000000000000.0000, 1784000000000000000.0000,  0.0374,  0.4677
 9.5000, 100.0000,  7.5700,  7.4600,  6.2100,  4.7100,  6.0000, -1.2773, -1.1502, -1.5785, -0.8570, -0.7299,  0.3012,  0.4283,  0.0391,  0.1790,  0.3080,  0.1399,  0.2689,  1.2981,  1.4272, -1.6565, -1.7856, -1.9515,  1.1582,  0.4951, -0.4331,  0.1430,  0.1461, 432062809171621465554944.0000, 1203079999999999968211015260503539712.0000, 30323333333333332.0000, 10250000000000000000.0000, 1153000000000000000.0000, -0.6909,  0.4593
 9.5000, 100.0000,  8.1700,  8.0600,  6.8100,  5.3100,  6.0000, -0.7991, -0.6721, -1.1985, -0.7936, -0.6666,  0.3993,  0.5264,  0.4483,  0.5466,  0.6756,  0.0983,  0.2273,  1.2913,  1.4203, -1.9021, -2.0311, -2.0422,  1.1930,  0.8777,  0.0355,  0.1359,  0.1370, 413494734082069640511488.0000, 1501939999999999880452966292620574720.0000, 33100000000000000.0000, 11260000000000000000.0000, 1330000000000000000.0000, -0.2183,  0.4538
 9.5000, 100.0000,  8.4700,  8.3600,  7.1100,  5.6100,  6.0000, -0.6759, -0.5488, -1.0548, -0.6655, -0.5384,  0.3789,  0.5060,  0.4467,  0.5733,  0.7024,  0.1266,  0.2556,  1.1710,  1.3000, -2.1788, -2.3078, -1.9276,  1.0444,  0.8941,  0.1705,  0.1156,  0.1118, 390678524374176596230144.0000, 1058929999999999990496687558922076160.0000, 30043333333333332.0000, 10150000000000000000.0000, 1137000000000000000.0000, -0.0917,  0.4571
 9.5000, 100.0000,  8.8700,  8.7600,  7.5100,  6.0100,  6.0000, -0.5806, -0.4535, -1.0331, -0.4648, -0.3377,  0.4525,  0.5796,  0.3492,  0.4866,  0.6156,  0.1374,  0.2665,  1.0547,  1.1838, -2.6397, -2.7688, -1.8443,  0.9173,  0.8036,  0.3009,  0.0031, -0.0169, 354042906340537384566784.0000, 1125480000000000064206929102614036480.0000, 31673333333333332.0000, 10740000000000000000.0000, 1238000000000000000.0000,  0.0114,  0.4649
 9.5000, 100.0000,  9.1700,  9.0600,  7.8100,  6.3100,  6.0000, -0.4635, -0.3364, -1.0488, -0.1886, -0.0615,  0.5853,  0.7124,  0.1946,  0.4064,  0.5354,  0.2119,  0.3409,  0.9857,  1.1148, -2.9536, -3.0826, -1.6463,  0.7739,  0.6987,  0.4199, -0.2197, -0.2638, 314994684449598906302464.0000, 936708999999999951231708949230125056.0000, 30983333333333332.0000, 10490000000000000000.0000, 1195000000000000000.0000,  0.1331,  0.4695
